Player,GP,W%,SCPG,GPG,APG,SAPG,SHPG,Rating,Country
Squirrel,3,"
    0.00%
  ","
    583.00
  ","
    2.33
  ","
    0.33
  ","
    1.67
  ","
    4.67
  ",1.64,id
Ignaccio,3,"
    66.67%
  ","
    520.33
  ","
    1.67
  ","
    0.00
  ","
    2.33
  ","
    4.67
  ",1.58,int
N0ns3ns3,5,"
    60.00%
  ","
    541.00
  ","
    1.60
  ","
    0.80
  ","
    2.60
  ","
    4.60
  ",1.53,int
Junior,2,"
    50.00%
  ","
    788.00
  ","
    1.00
  ","
    0.00
  ","
    5.50
  ","
    5.00
  ",1.39,int
seikoo,4,"
    25.00%
  ","
    557.50
  ","
    0.75
  ","
    0.75
  ","
    3.50
  ","
    3.50
  ",1.33,int
classiiik,7,"
    57.14%
  ","
    442.71
  ","
    1.29
  ","
    0.29
  ","
    2.14
  ","
    2.71
  ",1.32,int
kixou,3,"
    66.67%
  ","
    351.67
  ","
    0.67
  ","
    1.67
  ","
    0.67
  ","
    2.00
  ",1.32,int
Joey,1,"
    100.00%
  ","
    328.00
  ","
    1.00
  ","
    1.00
  ","
    1.00
  ","
    2.00
  ",1.26,int
math,134,"
    60.45%
  ","
    459.42
  ","
    1.02
  ","
    0.61
  ","
    1.76
  ","
    3.76
  ",1.26,br
COKE,3,"
    33.33%
  ","
    429.67
  ","
    1.33
  ","
    0.00
  ","
    1.67
  ","
    2.00
  ",1.24,int
Data,5,"
    60.00%
  ","
    315.00
  ","
    1.20
  ","
    0.80
  ","
    1.00
  ","
    3.60
  ",1.23,se
Blur,8,"
    37.50%
  ","
    439.25
  ","
    0.63
  ","
    1.25
  ","
    2.13
  ","
    3.13
  ",1.22,int
jstn,545,"
    66.97%
  ","
    433.79
  ","
    0.88
  ","
    0.71
  ","
    1.84
  ","
    3.40
  ",1.21,us
BJayB,2,"
    0.00%
  ","
    411.50
  ","
    0.50
  ","
    0.50
  ","
    3.00
  ","
    1.00
  ",1.20,gb
Gambit,61,"
    62.30%
  ","
    275.57
  ","
    1.16
  ","
    0.72
  ","
    1.20
  ","
    3.56
  ",1.20,us
Vensi,5,"
    40.00%
  ","
    393.00
  ","
    1.00
  ","
    0.60
  ","
    1.80
  ","
    2.60
  ",1.20,int
loxesking,7,"
    42.86%
  ","
    433.29
  ","
    1.29
  ","
    0.29
  ","
    1.43
  ","
    3.29
  ",1.19,int
jauum,3,"
    66.67%
  ","
    423.33
  ","
    1.00
  ","
    0.67
  ","
    1.67
  ","
    3.67
  ",1.19,int
Oaly,93,"
    48.39%
  ","
    461.34
  ","
    0.94
  ","
    0.66
  ","
    2.12
  ","
    3.23
  ",1.19,nl
jupiter,5,"
    40.00%
  ","
    443.20
  ","
    1.00
  ","
    0.80
  ","
    1.80
  ","
    3.40
  ",1.18,int
Drippay,428,"
    64.95%
  ","
    357.69
  ","
    0.97
  ","
    0.64
  ","
    1.39
  ","
    3.26
  ",1.18,au
fluqwit,10,"
    70.00%
  ","
    384.50
  ","
    1.10
  ","
    0.60
  ","
    1.40
  ","
    2.40
  ",1.17,int
Amphis,140,"
    62.86%
  ","
    414.32
  ","
    0.91
  ","
    0.77
  ","
    1.44
  ","
    3.01
  ",1.17,au
Cmoney,4,"
    25.00%
  ","
    396.50
  ","
    1.00
  ","
    0.25
  ","
    1.50
  ","
    4.50
  ",1.17,int
caard,264,"
    69.32%
  ","
    435.68
  ","
    0.90
  ","
    0.63
  ","
    1.75
  ","
    3.34
  ",1.16,br
penor,11,"
    54.55%
  ","
    231.82
  ","
    0.73
  ","
    0.91
  ","
    1.18
  ","
    3.00
  ",1.15,au
Gray,3,"
    0.00%
  ","
    407.67
  ","
    1.00
  ","
    0.00
  ","
    1.67
  ","
    2.00
  ",1.15,int
Chicago,469,"
    59.28%
  ","
    395.89
  ","
    0.87
  ","
    0.73
  ","
    1.31
  ","
    3.54
  ",1.14,us
M0nkey M00n,257,"
    63.04%
  ","
    443.49
  ","
    0.75
  ","
    0.74
  ","
    2.01
  ","
    3.40
  ",1.14,fr
Firstkiller,269,"
    51.67%
  ","
    459.68
  ","
    0.84
  ","
    0.54
  ","
    2.11
  ","
    3.16
  ",1.14,us
Nex53,5,"
    60.00%
  ","
    452.00
  ","
    1.00
  ","
    0.40
  ","
    2.20
  ","
    4.80
  ",1.14,de
Siki,347,"
    57.93%
  ","
    382.83
  ","
    0.91
  ","
    0.65
  ","
    1.47
  ","
    3.39
  ",1.14,au
Lunar,27,"
    51.85%
  ","
    372.59
  ","
    0.70
  ","
    0.85
  ","
    1.48
  ","
    2.44
  ",1.13,int
JKnaps,598,"
    59.20%
  ","
    375.90
  ","
    0.90
  ","
    0.66
  ","
    1.35
  ","
    3.32
  ",1.13,ca
Ronaky,377,"
    50.66%
  ","
    412.85
  ","
    0.94
  ","
    0.56
  ","
    1.61
  ","
    3.48
  ",1.13,dk
CJCJ,381,"
    59.84%
  ","
    359.25
  ","
    0.94
  ","
    0.65
  ","
    1.23
  ","
    3.45
  ",1.13,au
Forky,17,"
    47.06%
  ","
    453.00
  ","
    1.12
  ","
    0.41
  ","
    1.76
  ","
    3.12
  ",1.13,us
Alpa,4,"
    75.00%
  ","
    393.50
  ","
    1.50
  ","
    0.25
  ","
    1.25
  ","
    4.00
  ",1.13,int
CaioTG1,255,"
    69.80%
  ","
    409.89
  ","
    0.97
  ","
    0.60
  ","
    1.37
  ","
    3.36
  ",1.12,br
Fant,18,"
    33.33%
  ","
    400.33
  ","
    0.78
  ","
    0.78
  ","
    1.33
  ","
    3.33
  ",1.12,int
DarkFire,91,"
    53.85%
  ","
    254.67
  ","
    0.96
  ","
    0.75
  ","
    1.29
  ","
    2.57
  ",1.12,us
String,53,"
    37.74%
  ","
    407.53
  ","
    0.77
  ","
    0.72
  ","
    1.85
  ","
    2.74
  ",1.12,int
drufinho,73,"
    58.90%
  ","
    410.86
  ","
    0.89
  ","
    0.48
  ","
    1.84
  ","
    2.62
  ",1.11,int
Archie,241,"
    59.75%
  ","
    432.32
  ","
    0.81
  ","
    0.65
  ","
    1.90
  ","
    3.39
  ",1.11,gb
Brendan,5,"
    40.00%
  ","
    496.00
  ","
    0.60
  ","
    0.40
  ","
    2.80
  ","
    2.80
  ",1.11,int
Julz,344,"
    57.56%
  ","
    362.21
  ","
    0.86
  ","
    0.65
  ","
    1.44
  ","
    2.94
  ",1.10,au
Thundah,16,"
    37.50%
  ","
    404.75
  ","
    0.81
  ","
    0.69
  ","
    1.94
  ","
    2.63
  ",1.10,us
Alpha54,416,"
    62.02%
  ","
    428.75
  ","
    0.77
  ","
    0.63
  ","
    1.84
  ","
    3.33
  ",1.10,fr
Baked Potato,16,"
    50.00%
  ","
    406.13
  ","
    1.00
  ","
    0.50
  ","
    1.69
  ","
    2.81
  ",1.10,int
BC,3,"
    0.00%
  ","
    301.00
  ","
    1.33
  ","
    0.33
  ","
    1.33
  ","
    1.67
  ",1.10,int
delusioN,164,"
    46.95%
  ","
    353.99
  ","
    0.76
  ","
    0.63
  ","
    1.75
  ","
    2.49
  ",1.10,au
Jelly,4,"
    25.00%
  ","
    424.25
  ","
    1.00
  ","
    0.25
  ","
    2.25
  ","
    2.25
  ",1.10,us
Mingo,9,"
    33.33%
  ","
    416.89
  ","
    0.67
  ","
    0.44
  ","
    2.22
  ","
    2.67
  ",1.10,es
ctrl,12,"
    25.00%
  ","
    368.75
  ","
    0.92
  ","
    0.50
  ","
    1.50
  ","
    2.75
  ",1.10,int
zol,27,"
    40.74%
  ","
    400.07
  ","
    0.85
  ","
    0.59
  ","
    1.67
  ","
    2.48
  ",1.09,ca
cloud,19,"
    36.84%
  ","
    460.84
  ","
    0.68
  ","
    0.63
  ","
    2.47
  ","
    3.26
  ",1.09,int
M1k3Rules,101,"
    69.31%
  ","
    246.39
  ","
    0.91
  ","
    0.87
  ","
    1.17
  ","
    2.91
  ",1.09,ie
ApparentlyJack,88,"
    48.86%
  ","
    430.24
  ","
    0.84
  ","
    0.61
  ","
    1.72
  ","
    3.43
  ",1.09,gb
Frenzyy,87,"
    47.13%
  ","
    399.41
  ","
    0.74
  ","
    0.59
  ","
    1.72
  ","
    2.43
  ",1.08,au
aoe emp,47,"
    55.32%
  ","
    258.53
  ","
    0.96
  ","
    0.45
  ","
    1.06
  ","
    2.74
  ",1.08,au
Kash,74,"
    41.89%
  ","
    434.47
  ","
    0.80
  ","
    0.57
  ","
    1.85
  ","
    3.27
  ",1.08,gb
Noiisey,62,"
    35.48%
  ","
    398.10
  ","
    0.60
  ","
    0.58
  ","
    1.85
  ","
    2.18
  ",1.08,br
Exodus,46,"
    45.65%
  ","
    415.89
  ","
    1.00
  ","
    0.48
  ","
    1.78
  ","
    2.93
  ",1.08,int
snYpz,23,"
    43.48%
  ","
    439.30
  ","
    0.96
  ","
    0.39
  ","
    2.26
  ","
    3.22
  ",1.08,int
Cooper,4,"
    25.00%
  ","
    228.75
  ","
    0.75
  ","
    0.75
  ","
    2.00
  ","
    1.25
  ",1.08,fr
itachi,229,"
    49.78%
  ","
    413.03
  ","
    0.71
  ","
    0.80
  ","
    1.79
  ","
    2.70
  ",1.08,int
Torsos,461,"
    67.25%
  ","
    341.80
  ","
    0.86
  ","
    0.63
  ","
    1.28
  ","
    2.83
  ",1.08,au
GarrettG,797,"
    63.49%
  ","
    341.26
  ","
    0.85
  ","
    0.56
  ","
    1.49
  ","
    3.19
  ",1.07,us
Sypical,411,"
    62.04%
  ","
    413.74
  ","
    0.77
  ","
    0.56
  ","
    1.84
  ","
    3.04
  ",1.07,us
Gaspow,4,"
    25.00%
  ","
    280.50
  ","
    0.75
  ","
    0.50
  ","
    0.75
  ","
    2.00
  ",1.07,fr
Markydooda,297,"
    58.92%
  ","
    260.13
  ","
    0.90
  ","
    0.62
  ","
    1.27
  ","
    3.23
  ",1.07,gb
valt,213,"
    60.56%
  ","
    389.37
  ","
    0.69
  ","
    0.68
  ","
    1.66
  ","
    2.97
  ",1.07,br
grumpz,11,"
    27.27%
  ","
    400.82
  ","
    0.91
  ","
    0.27
  ","
    1.91
  ","
    3.00
  ",1.07,int
Freveo,3,"
    0.00%
  ","
    432.33
  ","
    0.67
  ","
    0.33
  ","
    2.00
  ","
    4.33
  ",1.07,int
Lim,53,"
    37.74%
  ","
    357.64
  ","
    0.75
  ","
    0.60
  ","
    1.72
  ","
    2.47
  ",1.07,au
Maestro,231,"
    55.41%
  ","
    270.39
  ","
    0.92
  ","
    0.52
  ","
    1.35
  ","
    3.16
  ",1.07,dk
SppydeR,22,"
    45.45%
  ","
    391.32
  ","
    0.68
  ","
    0.50
  ","
    1.50
  ","
    3.68
  ",1.06,br
Zayd,111,"
    46.85%
  ","
    394.94
  ","
    0.84
  ","
    0.50
  ","
    1.59
  ","
    2.90
  ",1.06,au
oath,21,"
    52.38%
  ","
    427.62
  ","
    0.76
  ","
    0.52
  ","
    2.14
  ","
    2.43
  ",1.06,int
Radosin75,17,"
    47.06%
  ","
    415.82
  ","
    0.59
  ","
    0.71
  ","
    2.18
  ","
    2.65
  ",1.06,fr
Madssssss,54,"
    53.70%
  ","
    399.13
  ","
    0.89
  ","
    0.59
  ","
    1.50
  ","
    3.09
  ",1.06,dk
Skyzz,21,"
    52.38%
  ","
    438.24
  ","
    0.57
  ","
    0.71
  ","
    2.38
  ","
    2.43
  ",1.06,us
Kaydop,832,"
    61.78%
  ","
    349.12
  ","
    0.74
  ","
    0.58
  ","
    1.73
  ","
    2.88
  ",1.06,fr
Evample,3,"
    0.00%
  ","
    240.67
  ","
    0.67
  ","
    0.33
  ","
    0.67
  ","
    2.67
  ",1.06,int
Shotts,24,"
    45.83%
  ","
    384.38
  ","
    1.00
  ","
    0.50
  ","
    1.33
  ","
    2.63
  ",1.06,gb
Tossis,4,"
    25.00%
  ","
    324.25
  ","
    1.00
  ","
    0.75
  ","
    0.75
  ","
    3.00
  ",1.06,int
Express,408,"
    61.76%
  ","
    326.70
  ","
    0.76
  ","
    0.70
  ","
    1.35
  ","
    2.55
  ",1.06,au
Percy,209,"
    46.89%
  ","
    418.22
  ","
    0.78
  ","
    0.48
  ","
    2.09
  ","
    2.88
  ",1.05,us
ejby,14,"
    35.71%
  ","
    470.07
  ","
    0.86
  ","
    0.50
  ","
    1.93
  ","
    2.64
  ",1.05,int
Porklet,56,"
    41.07%
  ","
    381.96
  ","
    0.77
  ","
    0.50
  ","
    1.77
  ","
    2.34
  ",1.05,us
Blackstrike,5,"
    60.00%
  ","
    344.00
  ","
    0.60
  ","
    1.40
  ","
    1.00
  ","
    1.60
  ",1.05,int
AztraL,365,"
    56.16%
  ","
    414.07
  ","
    0.68
  ","
    0.64
  ","
    1.73
  ","
    3.16
  ",1.05,be
Squishy,582,"
    63.92%
  ","
    351.04
  ","
    0.74
  ","
    0.64
  ","
    1.46
  ","
    2.83
  ",1.05,ca
Fiberr,94,"
    58.51%
  ","
    398.36
  ","
    0.77
  ","
    0.57
  ","
    1.50
  ","
    2.99
  ",1.05,int
Atomic,380,"
    59.47%
  ","
    386.22
  ","
    0.70
  ","
    0.71
  ","
    1.47
  ","
    2.77
  ",1.05,us
Vince,55,"
    40.00%
  ","
    262.09
  ","
    0.78
  ","
    0.55
  ","
    1.38
  ","
    2.71
  ",1.05,us
Comm,70,"
    41.43%
  ","
    414.64
  ","
    0.57
  ","
    0.66
  ","
    2.17
  ","
    2.70
  ",1.04,us
eekso,223,"
    49.78%
  ","
    398.42
  ","
    0.80
  ","
    0.53
  ","
    1.70
  ","
    3.22
  ",1.04,gb
Breezi,207,"
    48.79%
  ","
    407.12
  ","
    0.75
  ","
    0.66
  ","
    1.55
  ","
    3.11
  ",1.04,gb
Desi,4,"
    25.00%
  ","
    361.25
  ","
    1.00
  ","
    0.50
  ","
    2.00
  ","
    2.75
  ",1.04,int
Walcott,256,"
    44.53%
  ","
    364.42
  ","
    0.75
  ","
    0.53
  ","
    1.79
  ","
    2.60
  ",1.04,au
Gimmick,488,"
    54.51%
  ","
    341.54
  ","
    0.78
  ","
    0.56
  ","
    1.44
  ","
    2.74
  ",1.04,us
FreaKii,386,"
    52.07%
  ","
    364.73
  ","
    0.69
  ","
    0.53
  ","
    1.93
  ","
    3.09
  ",1.04,de
Fever,136,"
    55.88%
  ","
    388.40
  ","
    0.74
  ","
    0.65
  ","
    1.40
  ","
    3.02
  ",1.04,au
Macca,9,"
    33.33%
  ","
    364.56
  ","
    1.00
  ","
    0.56
  ","
    1.33
  ","
    2.89
  ",1.04,int
Confusion,8,"
    25.00%
  ","
    377.50
  ","
    0.50
  ","
    0.88
  ","
    1.88
  ","
    2.38
  ",1.04,int
EPICJonny,28,"
    25.00%
  ","
    258.04
  ","
    0.71
  ","
    0.46
  ","
    1.82
  ","
    2.68
  ",1.04,ca
Nielskoek,89,"
    37.08%
  ","
    271.46
  ","
    0.79
  ","
    0.55
  ","
    1.65
  ","
    2.91
  ",1.04,nl
mist,401,"
    59.85%
  ","
    394.24
  ","
    0.73
  ","
    0.50
  ","
    1.85
  ","
    3.06
  ",1.04,us
Bango,129,"
    38.76%
  ","
    289.21
  ","
    0.82
  ","
    0.43
  ","
    1.56
  ","
    2.72
  ",1.03,au
Juan,117,"
    49.57%
  ","
    378.73
  ","
    0.62
  ","
    0.62
  ","
    1.68
  ","
    2.97
  ",1.03,br
Bell,13,"
    30.77%
  ","
    239.69
  ","
    0.69
  ","
    0.62
  ","
    1.38
  ","
    1.69
  ",1.03,us
ThO,288,"
    50.69%
  ","
    409.13
  ","
    0.73
  ","
    0.55
  ","
    1.61
  ","
    3.51
  ",1.03,nl
Fireburner,412,"
    60.92%
  ","
    267.58
  ","
    0.79
  ","
    0.62
  ","
    1.39
  ","
    2.74
  ",1.03,us
KennySalmon,136,"
    47.79%
  ","
    402.57
  ","
    0.71
  ","
    0.64
  ","
    1.73
  ","
    2.49
  ",1.03,au
Fairy Peak,701,"
    60.63%
  ","
    358.26
  ","
    0.71
  ","
    0.54
  ","
    1.77
  ","
    2.60
  ",1.03,fr
Kamii,439,"
    59.00%
  ","
    326.41
  ","
    0.65
  ","
    0.74
  ","
    1.40
  ","
    2.60
  ",1.03,nz
Decka,304,"
    60.86%
  ","
    343.54
  ","
    0.80
  ","
    0.59
  ","
    1.29
  ","
    2.78
  ",1.02,au
creamyy,8,"
    37.50%
  ","
    338.88
  ","
    0.75
  ","
    0.75
  ","
    1.25
  ","
    3.00
  ",1.02,int
Speed,346,"
    50.87%
  ","
    405.34
  ","
    0.68
  ","
    0.55
  ","
    1.82
  ","
    2.95
  ",1.02,gb
kuxir97,702,"
    55.27%
  ","
    326.93
  ","
    0.79
  ","
    0.55
  ","
    1.45
  ","
    3.14
  ",1.02,it
Beni,3,"
    0.00%
  ","
    368.33
  ","
    0.33
  ","
    1.00
  ","
    2.00
  ","
    2.33
  ",1.02,int
PJ,225,"
    57.33%
  ","
    368.43
  ","
    0.68
  ","
    0.64
  ","
    1.26
  ","
    2.82
  ",1.02,br
Hibbs,207,"
    48.79%
  ","
    407.58
  ","
    0.77
  ","
    0.50
  ","
    1.95
  ","
    2.78
  ",1.02,gb
rise,93,"
    48.39%
  ","
    403.61
  ","
    0.80
  ","
    0.56
  ","
    1.69
  ","
    2.95
  ",1.02,gb
baileym8,8,"
    25.00%
  ","
    321.00
  ","
    0.63
  ","
    0.38
  ","
    0.88
  ","
    3.00
  ",1.02,au
Riv,109,"
    42.20%
  ","
    358.36
  ","
    0.78
  ","
    0.46
  ","
    1.38
  ","
    2.50
  ",1.02,au
hoodied,5,"
    40.00%
  ","
    338.60
  ","
    0.60
  ","
    1.00
  ","
    1.40
  ","
    3.40
  ",1.02,int
Cobbo,112,"
    47.32%
  ","
    393.60
  ","
    0.72
  ","
    0.44
  ","
    2.05
  ","
    2.46
  ",1.01,au
Jbot,64,"
    42.19%
  ","
    391.41
  ","
    0.75
  ","
    0.47
  ","
    1.72
  ","
    2.97
  ",1.01,int
Stake,289,"
    60.21%
  ","
    387.59
  ","
    0.87
  ","
    0.48
  ","
    1.51
  ","
    2.96
  ",1.01,es
PAN,101,"
    33.66%
  ","
    372.50
  ","
    0.75
  ","
    0.42
  ","
    1.58
  ","
    3.01
  ",1.01,cl
Le Duck,198,"
    43.43%
  ","
    355.32
  ","
    0.68
  ","
    0.60
  ","
    1.55
  ","
    2.64
  ",1.01,au
Moss,48,"
    45.83%
  ","
    370.38
  ","
    0.67
  ","
    0.65
  ","
    1.67
  ","
    2.67
  ",1.01,int
Myrtle,3,"
    0.00%
  ","
    428.33
  ","
    0.33
  ","
    0.67
  ","
    3.33
  ","
    2.33
  ",1.01,int
NumBy,7,"
    28.57%
  ","
    361.86
  ","
    1.00
  ","
    0.43
  ","
    1.14
  ","
    3.14
  ",1.01,int
Cheery,9,"
    33.33%
  ","
    317.78
  ","
    0.67
  ","
    0.56
  ","
    1.00
  ","
    2.78
  ",1.01,int
WondaMike,196,"
    45.41%
  ","
    397.95
  ","
    0.71
  ","
    0.48
  ","
    1.74
  ","
    3.18
  ",1.01,us
Bambii,64,"
    42.19%
  ","
    390.52
  ","
    0.69
  ","
    0.61
  ","
    1.56
  ","
    2.66
  ",1.01,us
Snowy,93,"
    58.06%
  ","
    357.39
  ","
    0.84
  ","
    0.57
  ","
    1.31
  ","
    2.60
  ",1.01,int
Ekon,91,"
    46.15%
  ","
    422.02
  ","
    0.74
  ","
    0.44
  ","
    2.08
  ","
    3.12
  ",1.01,fr
Juuksey,34,"
    14.71%
  ","
    251.03
  ","
    0.74
  ","
    0.41
  ","
    2.09
  ","
    2.44
  ",1.01,gb
HotWheelsSid,52,"
    34.62%
  ","
    234.62
  ","
    0.77
  ","
    0.58
  ","
    1.00
  ","
    2.77
  ",1.01,ca
RelatingWave,280,"
    48.93%
  ","
    395.93
  ","
    0.69
  ","
    0.60
  ","
    1.68
  ","
    2.83
  ",1.01,gb
Blurry,60,"
    46.67%
  ","
    388.47
  ","
    0.75
  ","
    0.57
  ","
    1.40
  ","
    3.43
  ",1.00,gb
Hooups,33,"
    42.42%
  ","
    415.24
  ","
    0.55
  ","
    0.58
  ","
    2.24
  ","
    2.61
  ",1.00,fr
Shock,180,"
    47.22%
  ","
    408.46
  ","
    0.73
  ","
    0.42
  ","
    1.87
  ","
    2.82
  ",1.00,us
AYYJAYY,418,"
    51.44%
  ","
    382.34
  ","
    0.73
  ","
    0.43
  ","
    1.68
  ","
    2.94
  ",1.00,us
Zaphare,35,"
    40.00%
  ","
    385.40
  ","
    0.74
  ","
    0.43
  ","
    1.94
  ","
    2.74
  ",1.00,ch
AtomiK,101,"
    52.48%
  ","
    414.35
  ","
    0.85
  ","
    0.34
  ","
    1.87
  ","
    3.55
  ",1.00,es
Misty,159,"
    43.40%
  ","
    383.79
  ","
    0.70
  ","
    0.45
  ","
    1.67
  ","
    2.63
  ",1.00,my
Bal,27,"
    25.93%
  ","
    370.00
  ","
    0.78
  ","
    0.37
  ","
    1.67
  ","
    2.22
  ",1.00,int
Rexo,22,"
    36.36%
  ","
    425.41
  ","
    0.73
  ","
    0.45
  ","
    2.09
  ","
    2.82
  ",1.00,int
MaJicBear,195,"
    49.23%
  ","
    386.92
  ","
    0.72
  ","
    0.57
  ","
    1.68
  ","
    2.86
  ",1.00,us
Droppz,100,"
    47.00%
  ","
    403.45
  ","
    0.60
  ","
    0.48
  ","
    2.05
  ","
    2.84
  ",1.00,br
Mikeboy,185,"
    41.62%
  ","
    397.94
  ","
    0.72
  ","
    0.54
  ","
    1.83
  ","
    2.53
  ",1.00,nl
SavvySeal,16,"
    37.50%
  ","
    359.25
  ","
    0.75
  ","
    0.63
  ","
    1.06
  ","
    3.88
  ",1.00,us
Lj,115,"
    45.22%
  ","
    396.57
  ","
    0.63
  ","
    0.57
  ","
    1.80
  ","
    2.77
  ",1.00,us
Sosa,178,"
    41.01%
  ","
    388.26
  ","
    0.75
  ","
    0.46
  ","
    1.71
  ","
    2.85
  ",1.00,ca
Matro,87,"
    51.72%
  ","
    367.29
  ","
    0.82
  ","
    0.54
  ","
    1.31
  ","
    2.92
  ",0.99,int
Jayyyrah,37,"
    51.35%
  ","
    222.97
  ","
    0.70
  ","
    0.65
  ","
    1.35
  ","
    2.03
  ",0.99,us
shadey,225,"
    56.89%
  ","
    287.83
  ","
    0.72
  ","
    0.52
  ","
    1.34
  ","
    2.57
  ",0.99,au
Enlid,31,"
    29.03%
  ","
    381.26
  ","
    0.52
  ","
    0.65
  ","
    2.00
  ","
    2.10
  ",0.99,int
cavemanben,99,"
    58.59%
  ","
    345.51
  ","
    0.72
  ","
    0.71
  ","
    1.13
  ","
    3.07
  ",0.99,au
Memory,413,"
    48.43%
  ","
    370.56
  ","
    0.73
  ","
    0.42
  ","
    1.69
  ","
    2.98
  ",0.99,us
Matt,195,"
    42.05%
  ","
    248.31
  ","
    0.76
  ","
    0.47
  ","
    1.44
  ","
    2.59
  ",0.99,us
Andy,111,"
    51.35%
  ","
    406.26
  ","
    0.71
  ","
    0.43
  ","
    1.75
  ","
    3.00
  ",0.99,us
HepsKid,15,"
    66.67%
  ","
    348.33
  ","
    0.87
  ","
    0.60
  ","
    1.13
  ","
    2.47
  ",0.99,int
Turbopolsa,769,"
    61.12%
  ","
    318.24
  ","
    0.77
  ","
    0.50
  ","
    1.41
  ","
    2.91
  ",0.99,se
Wonder,228,"
    41.23%
  ","
    348.18
  ","
    0.66
  ","
    0.51
  ","
    1.52
  ","
    2.69
  ",0.99,us
Chris,46,"
    45.65%
  ","
    368.28
  ","
    0.76
  ","
    0.63
  ","
    1.41
  ","
    2.96
  ",0.99,int
SOMA,56,"
    46.43%
  ","
    251.61
  ","
    0.70
  ","
    0.41
  ","
    1.25
  ","
    2.54
  ",0.99,au
Plitz,74,"
    37.84%
  ","
    244.46
  ","
    0.74
  ","
    0.46
  ","
    1.16
  ","
    2.66
  ",0.99,au
Arsenal,374,"
    64.44%
  ","
    366.59
  ","
    0.69
  ","
    0.60
  ","
    1.47
  ","
    2.62
  ",0.99,us
ElOmarMaton,27,"
    48.15%
  ","
    359.33
  ","
    0.74
  ","
    0.52
  ","
    1.52
  ","
    2.04
  ",0.99,int
Shoe,29,"
    27.59%
  ","
    383.79
  ","
    0.66
  ","
    0.48
  ","
    1.93
  ","
    2.66
  ",0.99,au
LuiisP,36,"
    36.11%
  ","
    389.03
  ","
    0.56
  ","
    0.53
  ","
    2.36
  ","
    2.22
  ",0.99,es
SSteve,106,"
    48.11%
  ","
    353.55
  ","
    0.72
  ","
    0.46
  ","
    1.39
  ","
    2.93
  ",0.99,au
matsgrey,50,"
    56.00%
  ","
    393.14
  ","
    0.70
  ","
    0.60
  ","
    1.72
  ","
    2.76
  ",0.99,dk
Mijo,79,"
    45.57%
  ","
    255.38
  ","
    0.63
  ","
    0.51
  ","
    1.63
  ","
    2.37
  ",0.98,us
matix,240,"
    59.17%
  ","
    349.01
  ","
    0.75
  ","
    0.51
  ","
    1.32
  ","
    2.81
  ",0.98,br
Revezy,16,"
    43.75%
  ","
    390.38
  ","
    1.06
  ","
    0.19
  ","
    1.63
  ","
    2.81
  ",0.98,int
Outlast,77,"
    35.06%
  ","
    317.87
  ","
    0.56
  ","
    0.53
  ","
    1.68
  ","
    2.34
  ",0.98,au
SPYDOGE,213,"
    47.89%
  ","
    370.76
  ","
    0.68
  ","
    0.54
  ","
    1.63
  ","
    2.62
  ",0.98,au
Joel,48,"
    45.83%
  ","
    380.88
  ","
    0.65
  ","
    0.65
  ","
    1.69
  ","
    2.75
  ",0.98,int
JRuss,179,"
    43.02%
  ","
    367.70
  ","
    0.74
  ","
    0.46
  ","
    1.46
  ","
    2.98
  ",0.98,us
Blip,21,"
    28.57%
  ","
    387.95
  ","
    0.71
  ","
    0.48
  ","
    1.81
  ","
    2.29
  ",0.98,int
Freshness,178,"
    46.63%
  ","
    387.69
  ","
    0.63
  ","
    0.49
  ","
    1.89
  ","
    2.90
  ",0.98,ca
breyyn,7,"
    57.14%
  ","
    409.14
  ","
    0.71
  ","
    0.43
  ","
    2.14
  ","
    2.00
  ",0.98,int
xpurt,31,"
    48.39%
  ","
    392.90
  ","
    0.68
  ","
    0.42
  ","
    1.97
  ","
    2.48
  ",0.98,int
Compact,54,"
    42.59%
  ","
    398.41
  ","
    0.70
  ","
    0.41
  ","
    1.80
  ","
    2.96
  ",0.98,int
Demonator,27,"
    48.15%
  ","
    342.52
  ","
    0.78
  ","
    0.48
  ","
    1.19
  ","
    2.48
  ",0.98,us
ViolentPanda,632,"
    56.49%
  ","
    321.19
  ","
    0.60
  ","
    0.61
  ","
    1.53
  ","
    2.62
  ",0.98,nl
Crazy,22,"
    40.91%
  ","
    394.59
  ","
    0.86
  ","
    0.64
  ","
    1.32
  ","
    3.09
  ",0.98,int
retals,378,"
    61.38%
  ","
    375.89
  ","
    0.72
  ","
    0.48
  ","
    1.58
  ","
    2.80
  ",0.98,us
Bits,23,"
    43.48%
  ","
    360.91
  ","
    0.52
  ","
    0.91
  ","
    1.74
  ","
    2.09
  ",0.98,int
Rehzzy,55,"
    49.09%
  ","
    415.22
  ","
    0.82
  ","
    0.33
  ","
    1.85
  ","
    3.15
  ",0.98,int
Repi,204,"
    52.45%
  ","
    351.76
  ","
    0.70
  ","
    0.53
  ","
    1.46
  ","
    2.61
  ",0.98,br
Homie,60,"
    46.67%
  ","
    350.12
  ","
    0.73
  ","
    0.45
  ","
    1.45
  ","
    2.52
  ",0.98,au
renaN,252,"
    54.37%
  ","
    352.15
  ","
    0.64
  ","
    0.59
  ","
    1.45
  ","
    2.48
  ",0.98,br
Aviator,9,"
    33.33%
  ","
    358.33
  ","
    0.67
  ","
    0.44
  ","
    1.67
  ","
    2.67
  ",0.97,int
Sadness,73,"
    58.90%
  ","
    402.16
  ","
    0.53
  ","
    0.60
  ","
    1.99
  ","
    2.03
  ",0.97,br
Haberkamper,246,"
    52.85%
  ","
    371.31
  ","
    0.67
  ","
    0.48
  ","
    1.62
  ","
    2.79
  ",0.97,br
Kerian,202,"
    48.02%
  ","
    385.96
  ","
    0.57
  ","
    0.63
  ","
    1.80
  ","
    2.71
  ",0.97,fr
Turtle,207,"
    48.79%
  ","
    237.87
  ","
    0.73
  ","
    0.61
  ","
    1.18
  ","
    2.48
  ",0.97,us
Flakes,88,"
    46.59%
  ","
    387.85
  ","
    0.59
  ","
    0.39
  ","
    2.10
  ","
    2.31
  ",0.97,nl
TestGravity,18,"
    38.89%
  ","
    346.28
  ","
    0.61
  ","
    0.61
  ","
    1.67
  ","
    2.17
  ",0.97,int
ZPS,242,"
    50.41%
  ","
    371.86
  ","
    0.79
  ","
    0.41
  ","
    1.61
  ","
    3.13
  ",0.97,us
money,32,"
    46.88%
  ","
    371.97
  ","
    0.63
  ","
    0.63
  ","
    1.50
  ","
    2.34
  ",0.97,int
Tylacto,54,"
    27.78%
  ","
    319.44
  ","
    0.67
  ","
    0.54
  ","
    1.80
  ","
    2.35
  ",0.97,gb
Ghost,157,"
    48.41%
  ","
    351.52
  ","
    0.73
  ","
    0.51
  ","
    1.34
  ","
    2.70
  ",0.97,au
Tox,277,"
    61.73%
  ","
    376.99
  ","
    0.61
  ","
    0.70
  ","
    1.60
  ","
    2.46
  ",0.97,de
CJM,149,"
    40.27%
  ","
    303.68
  ","
    0.68
  ","
    0.54
  ","
    1.46
  ","
    2.50
  ",0.97,nz
Zamue,289,"
    60.21%
  ","
    363.01
  ","
    0.70
  ","
    0.63
  ","
    1.43
  ","
    2.84
  ",0.97,es
Torment,578,"
    54.33%
  ","
    329.90
  ","
    0.63
  ","
    0.54
  ","
    1.75
  ","
    2.38
  ",0.97,us
MaRc By 8,257,"
    63.04%
  ","
    347.62
  ","
    0.77
  ","
    0.60
  ","
    1.22
  ","
    2.86
  ",0.97,es
Lethamyr,237,"
    46.84%
  ","
    301.83
  ","
    0.63
  ","
    0.47
  ","
    1.63
  ","
    2.73
  ",0.97,ca
Szaro,110,"
    32.73%
  ","
    343.64
  ","
    0.67
  ","
    0.53
  ","
    1.32
  ","
    2.71
  ",0.97,ar
ZeN,258,"
    50.00%
  ","
    322.00
  ","
    0.71
  ","
    0.54
  ","
    1.33
  ","
    2.59
  ",0.97,au
Shadd,196,"
    51.02%
  ","
    373.85
  ","
    0.67
  ","
    0.43
  ","
    1.62
  ","
    2.76
  ",0.97,ar
Night,31,"
    29.03%
  ","
    370.06
  ","
    0.71
  ","
    0.45
  ","
    1.52
  ","
    2.26
  ",0.97,int
Vogan,68,"
    44.12%
  ","
    231.40
  ","
    0.69
  ","
    0.50
  ","
    1.56
  ","
    2.56
  ",0.97,nl
Tadpole,268,"
    48.13%
  ","
    365.78
  ","
    0.63
  ","
    0.55
  ","
    1.57
  ","
    2.74
  ",0.96,gb
LionBlaze,178,"
    46.63%
  ","
    372.13
  ","
    0.66
  ","
    0.48
  ","
    1.57
  ","
    3.03
  ",0.96,us
Boom,66,"
    42.42%
  ","
    366.83
  ","
    0.70
  ","
    0.47
  ","
    1.82
  ","
    2.53
  ",0.96,pe
noly,288,"
    50.69%
  ","
    372.59
  ","
    0.67
  ","
    0.55
  ","
    1.64
  ","
    2.58
  ",0.96,gb
Sketch,10,"
    40.00%
  ","
    367.70
  ","
    0.90
  ","
    0.50
  ","
    1.60
  ","
    2.20
  ",0.96,int
EyeIgnite,187,"
    44.39%
  ","
    327.40
  ","
    0.66
  ","
    0.41
  ","
    1.58
  ","
    2.73
  ",0.96,gb
DmentZa,101,"
    52.48%
  ","
    385.30
  ","
    0.57
  ","
    0.60
  ","
    1.97
  ","
    2.52
  ",0.96,es
kirii,35,"
    34.29%
  ","
    373.00
  ","
    0.83
  ","
    0.23
  ","
    1.49
  ","
    2.77
  ",0.96,us
RoToR,14,"
    14.29%
  ","
    351.79
  ","
    0.71
  ","
    0.29
  ","
    1.50
  ","
    3.14
  ",0.96,int
Luk,127,"
    50.39%
  ","
    367.52
  ","
    0.57
  ","
    0.56
  ","
    1.63
  ","
    2.47
  ",0.96,br
Rapid,267,"
    52.06%
  ","
    361.53
  ","
    0.63
  ","
    0.62
  ","
    1.41
  ","
    2.88
  ",0.96,us
sN0wKyy,3,"
    66.67%
  ","
    291.33
  ","
    0.33
  ","
    1.00
  ","
    1.33
  ","
    3.00
  ",0.96,int
Lachinio,134,"
    50.00%
  ","
    231.60
  ","
    0.77
  ","
    0.54
  ","
    1.31
  ","
    2.54
  ",0.96,ca
Chausette45,653,"
    52.07%
  ","
    337.60
  ","
    0.61
  ","
    0.47
  ","
    1.82
  ","
    2.66
  ",0.96,fr
Unknow,20,"
    40.00%
  ","
    359.75
  ","
    0.55
  ","
    0.70
  ","
    1.45
  ","
    2.55
  ",0.96,fr
Paschy90,341,"
    52.20%
  ","
    250.37
  ","
    0.72
  ","
    0.52
  ","
    1.34
  ","
    2.46
  ",0.96,de
Kevpert,4,"
    25.00%
  ","
    415.75
  ","
    1.00
  ","
    0.00
  ","
    2.50
  ","
    2.25
  ",0.96,us
Kronovi,669,"
    52.91%
  ","
    302.94
  ","
    0.67
  ","
    0.54
  ","
    1.42
  ","
    2.75
  ",0.96,us
Davitrox,49,"
    40.82%
  ","
    348.92
  ","
    0.53
  ","
    0.55
  ","
    1.61
  ","
    2.59
  ",0.96,int
Nozai,17,"
    41.18%
  ","
    384.18
  ","
    0.65
  ","
    0.47
  ","
    1.88
  ","
    2.47
  ",0.96,int
Insolences,215,"
    46.98%
  ","
    248.79
  ","
    0.66
  ","
    0.54
  ","
    1.50
  ","
    2.24
  ",0.95,us
BeastMode,243,"
    55.97%
  ","
    371.03
  ","
    0.64
  ","
    0.54
  ","
    1.53
  ","
    3.05
  ",0.95,us
Bluey,396,"
    50.25%
  ","
    342.84
  ","
    0.61
  ","
    0.56
  ","
    1.65
  ","
    2.54
  ",0.95,gb
arju,190,"
    53.68%
  ","
    364.45
  ","
    0.64
  ","
    0.58
  ","
    1.61
  ","
    2.66
  ",0.95,it
RawGreg,16,"
    37.50%
  ","
    363.81
  ","
    0.81
  ","
    0.56
  ","
    1.06
  ","
    3.38
  ",0.95,us
CorruptedG,276,"
    43.12%
  ","
    263.41
  ","
    0.66
  ","
    0.49
  ","
    1.44
  ","
    2.34
  ",0.95,ca
Chrome,190,"
    44.21%
  ","
    234.32
  ","
    0.65
  ","
    0.55
  ","
    1.42
  ","
    2.46
  ",0.95,us
Turinturo,234,"
    53.85%
  ","
    362.84
  ","
    0.62
  ","
    0.54
  ","
    1.72
  ","
    2.53
  ",0.95,us
Doomsee,86,"
    41.86%
  ","
    233.72
  ","
    0.72
  ","
    0.50
  ","
    1.33
  ","
    2.77
  ",0.95,gb
Jake,156,"
    66.67%
  ","
    240.90
  ","
    0.61
  ","
    0.66
  ","
    1.26
  ","
    2.56
  ",0.95,au
remkoe,500,"
    51.60%
  ","
    288.54
  ","
    0.68
  ","
    0.49
  ","
    1.41
  ","
    2.72
  ",0.95,nl
Dumbo,179,"
    50.84%
  ","
    257.17
  ","
    0.68
  ","
    0.58
  ","
    1.17
  ","
    2.40
  ",0.95,au
blaze,12,"
    41.67%
  ","
    314.75
  ","
    0.83
  ","
    0.50
  ","
    0.83
  ","
    2.83
  ",0.95,us
Hato,43,"
    30.23%
  ","
    281.02
  ","
    0.60
  ","
    0.56
  ","
    1.84
  ","
    2.12
  ",0.95,us
Jay,12,"
    41.67%
  ","
    360.08
  ","
    0.75
  ","
    0.58
  ","
    1.75
  ","
    2.50
  ",0.95,int
Jacob,384,"
    51.30%
  ","
    266.34
  ","
    0.63
  ","
    0.62
  ","
    1.38
  ","
    2.12
  ",0.95,us
Negative,78,"
    48.72%
  ","
    384.54
  ","
    0.65
  ","
    0.46
  ","
    1.72
  ","
    2.50
  ",0.95,int
ELMP,86,"
    41.86%
  ","
    222.44
  ","
    0.69
  ","
    0.59
  ","
    1.37
  ","
    2.70
  ",0.95,de
DeitySpartan,3,"
    0.00%
  ","
    300.00
  ","
    0.67
  ","
    0.67
  ","
    0.67
  ","
    2.67
  ",0.95,int
ExoTiiK,202,"
    48.02%
  ","
    371.55
  ","
    0.70
  ","
    0.47
  ","
    1.60
  ","
    2.81
  ",0.95,fr
Taroco,178,"
    41.01%
  ","
    374.18
  ","
    0.66
  ","
    0.51
  ","
    1.74
  ","
    2.94
  ",0.95,ca
Flickky,13,"
    46.15%
  ","
    383.31
  ","
    0.85
  ","
    0.46
  ","
    1.46
  ","
    2.85
  ",0.95,int
Seeks,5,"
    60.00%
  ","
    217.00
  ","
    0.60
  ","
    1.00
  ","
    1.00
  ","
    2.80
  ",0.95,be
ZhearX,6,"
    50.00%
  ","
    390.33
  ","
    0.83
  ","
    0.50
  ","
    1.50
  ","
    2.67
  ",0.94,int
Mittaen,223,"
    49.78%
  ","
    373.83
  ","
    0.57
  ","
    0.57
  ","
    1.74
  ","
    2.77
  ",0.94,nl
Joreuz,177,"
    44.63%
  ","
    374.19
  ","
    0.68
  ","
    0.49
  ","
    1.58
  ","
    2.94
  ",0.94,nl
Yeoj,7,"
    14.29%
  ","
    313.14
  ","
    0.57
  ","
    0.43
  ","
    1.57
  ","
    2.57
  ",0.94,int
hockE,32,"
    46.88%
  ","
    400.53
  ","
    0.63
  ","
    0.41
  ","
    2.19
  ","
    2.28
  ",0.94,us
Scarth,157,"
    47.77%
  ","
    346.09
  ","
    0.64
  ","
    0.56
  ","
    1.44
  ","
    2.45
  ",0.94,au
Reysbull,191,"
    51.83%
  ","
    365.01
  ","
    0.58
  ","
    0.57
  ","
    1.54
  ","
    2.45
  ",0.94,cl
Espeon,160,"
    49.38%
  ","
    241.00
  ","
    0.78
  ","
    0.36
  ","
    1.24
  ","
    2.71
  ",0.94,us
Spyder,70,"
    41.43%
  ","
    360.06
  ","
    0.74
  ","
    0.36
  ","
    1.60
  ","
    2.93
  ",0.94,us
cluney,17,"
    29.41%
  ","
    388.59
  ","
    0.76
  ","
    0.24
  ","
    2.00
  ","
    2.41
  ",0.94,int
gReazy,407,"
    54.79%
  ","
    295.13
  ","
    0.62
  ","
    0.57
  ","
    1.44
  ","
    2.73
  ",0.94,no
Aeon,83,"
    43.37%
  ","
    352.95
  ","
    0.66
  ","
    0.46
  ","
    1.48
  ","
    2.66
  ",0.94,us
eli,63,"
    30.16%
  ","
    348.94
  ","
    0.73
  ","
    0.35
  ","
    1.59
  ","
    2.11
  ",0.94,au
Daze,83,"
    40.96%
  ","
    251.51
  ","
    0.59
  ","
    0.61
  ","
    1.36
  ","
    2.02
  ",0.94,au
Tango,116,"
    52.59%
  ","
    366.95
  ","
    0.59
  ","
    0.59
  ","
    1.65
  ","
    2.52
  ",0.94,au
bramdeswaggerd,54,"
    42.59%
  ","
    369.61
  ","
    0.63
  ","
    0.46
  ","
    1.94
  ","
    2.33
  ",0.94,be
SrNaniiTou,49,"
    40.82%
  ","
    349.69
  ","
    0.71
  ","
    0.41
  ","
    1.55
  ","
    2.22
  ",0.94,int
Scrub Killa,445,"
    54.83%
  ","
    371.57
  ","
    0.56
  ","
    0.45
  ","
    1.96
  ","
    2.45
  ",0.94,gb
Paradise,11,"
    45.45%
  ","
    404.91
  ","
    0.73
  ","
    0.45
  ","
    1.82
  ","
    2.09
  ",0.94,int
Snaski,203,"
    41.87%
  ","
    252.76
  ","
    0.61
  ","
    0.48
  ","
    1.61
  ","
    2.40
  ",0.94,dk
Sizz,193,"
    41.45%
  ","
    248.94
  ","
    0.58
  ","
    0.55
  ","
    1.56
  ","
    2.15
  ",0.93,us
Yukiss,202,"
    48.02%
  ","
    365.01
  ","
    0.69
  ","
    0.48
  ","
    1.56
  ","
    2.86
  ",0.93,fr
Kraziks,115,"
    45.22%
  ","
    345.68
  ","
    0.60
  ","
    0.56
  ","
    1.46
  ","
    2.80
  ",0.93,int
Zeddo,44,"
    38.64%
  ","
    348.68
  ","
    0.64
  ","
    0.57
  ","
    1.52
  ","
    2.64
  ",0.93,de
Swift,17,"
    41.18%
  ","
    348.41
  ","
    0.76
  ","
    0.53
  ","
    1.06
  ","
    2.88
  ",0.93,int
Deevo,615,"
    52.68%
  ","
    324.26
  ","
    0.58
  ","
    0.56
  ","
    1.62
  ","
    2.42
  ",0.93,gb
Reeves,23,"
    43.48%
  ","
    342.09
  ","
    0.83
  ","
    0.39
  ","
    1.35
  ","
    2.35
  ",0.93,int
Skillz,56,"
    39.29%
  ","
    353.82
  ","
    0.55
  ","
    0.57
  ","
    1.52
  ","
    2.91
  ",0.93,us
Metsanauris,569,"
    49.38%
  ","
    324.43
  ","
    0.62
  ","
    0.53
  ","
    1.49
  ","
    2.46
  ",0.93,fi
Aris,29,"
    44.83%
  ","
    404.62
  ","
    0.76
  ","
    0.31
  ","
    1.83
  ","
    2.62
  ",0.93,int
Ferra,617,"
    52.35%
  ","
    302.38
  ","
    0.73
  ","
    0.45
  ","
    1.19
  ","
    2.89
  ",0.93,fr
vortexioz,93,"
    58.06%
  ","
    347.13
  ","
    0.69
  ","
    0.59
  ","
    1.12
  ","
    2.66
  ",0.93,int
ellusive,100,"
    45.00%
  ","
    229.20
  ","
    0.58
  ","
    0.52
  ","
    1.49
  ","
    2.13
  ",0.93,au
Sikii,222,"
    45.50%
  ","
    242.68
  ","
    0.56
  ","
    0.53
  ","
    1.57
  ","
    2.47
  ",0.93,de
FirefoxD,246,"
    52.85%
  ","
    348.45
  ","
    0.63
  ","
    0.50
  ","
    1.30
  ","
    3.01
  ",0.93,br
Dareyck,3,"
    0.00%
  ","
    406.00
  ","
    0.33
  ","
    0.33
  ","
    3.33
  ","
    1.33
  ",0.93,ca
Lausiie,41,"
    41.46%
  ","
    372.15
  ","
    0.76
  ","
    0.37
  ","
    1.54
  ","
    2.80
  ",0.93,int
AxB,313,"
    48.88%
  ","
    361.63
  ","
    0.60
  ","
    0.51
  ","
    1.57
  ","
    2.47
  ",0.93,ca
Cypso,3,"
    0.00%
  ","
    388.33
  ","
    0.00
  ","
    1.33
  ","
    2.67
  ","
    1.00
  ",0.93,int
Yanxnz,23,"
    52.17%
  ","
    357.35
  ","
    0.74
  ","
    0.39
  ","
    1.00
  ","
    3.43
  ",0.93,int
Hockser,207,"
    41.55%
  ","
    374.60
  ","
    0.55
  ","
    0.45
  ","
    1.87
  ","
    2.69
  ",0.92,us
Virtuoso,280,"
    48.93%
  ","
    347.11
  ","
    0.68
  ","
    0.55
  ","
    1.28
  ","
    2.69
  ",0.92,ie
C4,32,"
    37.50%
  ","
    315.97
  ","
    0.72
  ","
    0.31
  ","
    1.19
  ","
    2.06
  ",0.92,br
Requiem,245,"
    51.43%
  ","
    302.85
  ","
    0.65
  ","
    0.55
  ","
    1.13
  ","
    2.33
  ",0.92,au
Dead-Monster,88,"
    48.86%
  ","
    364.39
  ","
    0.75
  ","
    0.41
  ","
    1.52
  ","
    2.74
  ",0.92,it
fAsi,85,"
    47.06%
  ","
    352.68
  ","
    0.67
  ","
    0.35
  ","
    1.44
  ","
    2.65
  ",0.92,br
Spcterrr,11,"
    18.18%
  ","
    335.00
  ","
    0.45
  ","
    0.45
  ","
    1.45
  ","
    3.09
  ",0.92,int
ceeva,36,"
    33.33%
  ","
    393.97
  ","
    0.64
  ","
    0.39
  ","
    1.81
  ","
    2.86
  ",0.92,au
Alex837,17,"
    41.18%
  ","
    339.94
  ","
    0.65
  ","
    0.71
  ","
    1.24
  ","
    2.53
  ",0.92,int
Rizex45,179,"
    43.02%
  ","
    382.73
  ","
    0.58
  ","
    0.49
  ","
    1.90
  ","
    2.41
  ",0.92,de
Timbathy,46,"
    58.70%
  ","
    209.46
  ","
    0.76
  ","
    0.54
  ","
    1.22
  ","
    2.13
  ",0.92,us
Daisu,102,"
    36.27%
  ","
    336.18
  ","
    0.57
  ","
    0.50
  ","
    1.55
  ","
    2.49
  ",0.92,au
Parzival,6,"
    16.67%
  ","
    304.67
  ","
    0.67
  ","
    0.50
  ","
    1.33
  ","
    2.33
  ",0.92,int
AlRaz,102,"
    39.22%
  ","
    376.67
  ","
    0.65
  ","
    0.39
  ","
    1.66
  ","
    2.68
  ",0.92,us
Samuel,29,"
    27.59%
  ","
    332.21
  ","
    0.66
  ","
    0.41
  ","
    1.34
  ","
    2.66
  ",0.92,int
trellski,3,"
    0.00%
  ","
    406.00
  ","
    0.67
  ","
    0.33
  ","
    2.67
  ","
    2.00
  ",0.92,int
tristn,81,"
    53.09%
  ","
    334.22
  ","
    0.56
  ","
    0.51
  ","
    1.40
  ","
    2.75
  ",0.92,us
FlamE,375,"
    53.87%
  ","
    342.81
  ","
    0.60
  ","
    0.57
  ","
    1.45
  ","
    2.55
  ",0.92,gb
JPow,205,"
    43.41%
  ","
    354.58
  ","
    0.61
  ","
    0.45
  ","
    1.64
  ","
    2.82
  ",0.92,us
ajg,177,"
    49.72%
  ","
    358.18
  ","
    0.55
  ","
    0.54
  ","
    1.62
  ","
    2.41
  ",0.92,ar
Genocop,68,"
    41.18%
  ","
    237.57
  ","
    0.63
  ","
    0.49
  ","
    1.32
  ","
    2.50
  ",0.91,us
Extra,293,"
    58.36%
  ","
    356.48
  ","
    0.68
  ","
    0.45
  ","
    1.49
  ","
    2.89
  ",0.91,fr
Pollie,7,"
    14.29%
  ","
    358.71
  ","
    0.57
  ","
    0.43
  ","
    1.57
  ","
    2.29
  ",0.91,int
SnarfSnarf,97,"
    47.42%
  ","
    249.74
  ","
    0.51
  ","
    0.65
  ","
    1.13
  ","
    2.59
  ",0.91,au
Kassio,402,"
    55.47%
  ","
    340.19
  ","
    0.66
  ","
    0.48
  ","
    1.42
  ","
    2.70
  ",0.91,fr
Lerky,47,"
    34.04%
  ","
    349.77
  ","
    0.60
  ","
    0.49
  ","
    1.40
  ","
    2.81
  ",0.91,au
JJ,18,"
    38.89%
  ","
    375.17
  ","
    0.61
  ","
    0.44
  ","
    1.56
  ","
    3.06
  ",0.91,int
Jordan,209,"
    46.89%
  ","
    349.61
  ","
    0.60
  ","
    0.52
  ","
    1.56
  ","
    2.82
  ",0.91,ca
VKSailen,66,"
    42.42%
  ","
    377.17
  ","
    0.62
  ","
    0.41
  ","
    1.73
  ","
    2.95
  ",0.91,es
Calzafy,24,"
    45.83%
  ","
    370.83
  ","
    0.67
  ","
    0.54
  ","
    1.58
  ","
    2.63
  ",0.91,gb
Oscillon,140,"
    52.14%
  ","
    352.25
  ","
    0.63
  ","
    0.54
  ","
    1.39
  ","
    2.78
  ",0.91,nl
Calix,217,"
    48.39%
  ","
    344.74
  ","
    0.68
  ","
    0.47
  ","
    1.47
  ","
    2.67
  ",0.91,de
Radoko,242,"
    50.41%
  ","
    362.95
  ","
    0.54
  ","
    0.50
  ","
    1.76
  ","
    2.55
  ",0.91,ca
BoyScHool Q,64,"
    42.19%
  ","
    372.42
  ","
    0.67
  ","
    0.48
  ","
    1.48
  ","
    2.59
  ",0.91,int
Rix Ronday,185,"
    41.62%
  ","
    335.39
  ","
    0.64
  ","
    0.52
  ","
    1.48
  ","
    2.32
  ",0.91,nl
Toastie,111,"
    45.95%
  ","
    341.67
  ","
    0.70
  ","
    0.41
  ","
    1.41
  ","
    2.87
  ",0.91,us
kirn,54,"
    53.70%
  ","
    357.37
  ","
    0.59
  ","
    0.57
  ","
    1.63
  ","
    2.31
  ",0.91,int
PeaKy,54,"
    42.59%
  ","
    354.63
  ","
    0.59
  ","
    0.52
  ","
    1.78
  ","
    2.09
  ",0.91,int
womped,54,"
    42.59%
  ","
    395.87
  ","
    0.59
  ","
    0.43
  ","
    2.02
  ","
    2.72
  ",0.91,int
JWismont,89,"
    40.45%
  ","
    348.01
  ","
    0.63
  ","
    0.42
  ","
    1.43
  ","
    2.92
  ",0.91,us
Yukeo,422,"
    50.24%
  ","
    342.74
  ","
    0.57
  ","
    0.46
  ","
    1.68
  ","
    2.59
  ",0.91,at
tcorrell,133,"
    46.62%
  ","
    403.18
  ","
    0.54
  ","
    0.39
  ","
    2.27
  ","
    2.26
  ",0.91,us
HAZA,60,"
    46.67%
  ","
    362.68
  ","
    0.58
  ","
    0.43
  ","
    1.82
  ","
    2.90
  ",0.90,au
Mognus,328,"
    41.77%
  ","
    317.15
  ","
    0.48
  ","
    0.45
  ","
    1.83
  ","
    2.45
  ",0.90,fi
Adverse,21,"
    52.38%
  ","
    368.95
  ","
    0.57
  ","
    0.52
  ","
    1.62
  ","
    3.14
  ",0.90,us
Ahduhm,64,"
    48.44%
  ","
    368.86
  ","
    0.50
  ","
    0.55
  ","
    1.91
  ","
    1.95
  ",0.90,us
Moses,145,"
    46.90%
  ","
    220.90
  ","
    0.56
  ","
    0.53
  ","
    1.56
  ","
    2.18
  ",0.90,us
Piksel,31,"
    32.26%
  ","
    220.97
  ","
    0.65
  ","
    0.52
  ","
    1.45
  ","
    2.58
  ",0.90,dk
Hyderr,24,"
    45.83%
  ","
    345.92
  ","
    0.50
  ","
    0.67
  ","
    1.50
  ","
    2.96
  ",0.90,int
Quinn Lobdell,78,"
    48.72%
  ","
    203.46
  ","
    0.71
  ","
    0.50
  ","
    1.01
  ","
    2.46
  ",0.90,us
Tequilaz,56,"
    42.86%
  ","
    204.11
  ","
    0.70
  ","
    0.36
  ","
    1.46
  ","
    1.73
  ",0.90,fr
Polar,88,"
    48.86%
  ","
    357.44
  ","
    0.49
  ","
    0.72
  ","
    1.43
  ","
    2.60
  ",0.90,gb
Dadooh,56,"
    42.86%
  ","
    227.05
  ","
    0.61
  ","
    0.50
  ","
    1.27
  ","
    2.61
  ",0.90,fr
Kuma,46,"
    45.65%
  ","
    328.28
  ","
    0.57
  ","
    0.65
  ","
    1.43
  ","
    2.04
  ",0.90,int
Tool,49,"
    42.86%
  ","
    366.96
  ","
    0.59
  ","
    0.55
  ","
    1.67
  ","
    2.82
  ",0.90,us
Catalysm,91,"
    46.15%
  ","
    357.42
  ","
    0.60
  ","
    0.49
  ","
    1.58
  ","
    2.96
  ",0.90,de
ayjacks,288,"
    44.79%
  ","
    365.87
  ","
    0.54
  ","
    0.42
  ","
    1.90
  ","
    2.50
  ",0.90,us
indigo,15,"
    40.00%
  ","
    312.33
  ","
    0.53
  ","
    0.47
  ","
    1.47
  ","
    2.00
  ",0.90,int
Gyro,355,"
    54.08%
  ","
    361.37
  ","
    0.53
  ","
    0.51
  ","
    1.76
  ","
    2.34
  ",0.90,us
Shmoopernator,78,"
    48.72%
  ","
    344.45
  ","
    0.64
  ","
    0.45
  ","
    1.56
  ","
    2.37
  ",0.90,int
Dappur,270,"
    39.26%
  ","
    304.11
  ","
    0.62
  ","
    0.35
  ","
    1.68
  ","
    2.47
  ",0.90,us
Cheerio,35,"
    34.29%
  ","
    346.46
  ","
    0.60
  ","
    0.43
  ","
    1.86
  ","
    2.14
  ",0.90,se
Pwndx,82,"
    41.46%
  ","
    236.46
  ","
    0.62
  ","
    0.48
  ","
    1.27
  ","
    2.41
  ",0.90,dk
Sadjunior,229,"
    49.34%
  ","
    225.41
  ","
    0.60
  ","
    0.55
  ","
    1.29
  ","
    2.42
  ",0.90,ca
Dark,25,"
    40.00%
  ","
    323.96
  ","
    0.76
  ","
    0.36
  ","
    1.32
  ","
    2.52
  ",0.90,int
Montyconnor,111,"
    49.55%
  ","
    226.71
  ","
    0.50
  ","
    0.63
  ","
    1.28
  ","
    2.23
  ",0.90,nz
cyrix,126,"
    45.24%
  ","
    237.26
  ","
    0.64
  ","
    0.44
  ","
    1.31
  ","
    2.30
  ",0.90,au
Gooch,44,"
    36.36%
  ","
    388.41
  ","
    0.66
  ","
    0.36
  ","
    1.80
  ","
    2.57
  ",0.90,gb
Mach,6,"
    0.00%
  ","
    375.50
  ","
    0.33
  ","
    0.50
  ","
    2.17
  ","
    2.17
  ",0.90,int
Comp,25,"
    40.00%
  ","
    384.44
  ","
    0.48
  ","
    0.52
  ","
    1.72
  ","
    3.04
  ",0.90,int
Sempa,68,"
    30.88%
  ","
    333.38
  ","
    0.50
  ","
    0.47
  ","
    1.54
  ","
    2.47
  ",0.90,ar
Sniper,33,"
    36.36%
  ","
    241.18
  ","
    0.58
  ","
    0.55
  ","
    1.42
  ","
    2.18
  ",0.90,no
Joro,27,"
    40.74%
  ","
    312.78
  ","
    0.52
  ","
    0.33
  ","
    1.89
  ","
    2.22
  ",0.90,us
Net,5,"
    0.00%
  ","
    357.60
  ","
    0.60
  ","
    0.20
  ","
    2.20
  ","
    1.60
  ",0.90,int
Finn,77,"
    45.45%
  ","
    359.39
  ","
    0.58
  ","
    0.51
  ","
    1.56
  ","
    2.57
  ",0.89,int
Shea,13,"
    23.08%
  ","
    331.54
  ","
    0.62
  ","
    0.38
  ","
    1.46
  ","
    2.38
  ",0.89,int
Sway,9,"
    33.33%
  ","
    319.78
  ","
    0.56
  ","
    0.67
  ","
    0.78
  ","
    2.67
  ",0.89,int
Garenn,45,"
    37.78%
  ","
    351.42
  ","
    0.58
  ","
    0.53
  ","
    1.53
  ","
    2.56
  ",0.89,us
Noxes,83,"
    43.37%
  ","
    348.96
  ","
    0.53
  ","
    0.47
  ","
    1.76
  ","
    2.47
  ",0.89,pr
mectos,178,"
    41.01%
  ","
    339.16
  ","
    0.57
  ","
    0.58
  ","
    1.40
  ","
    2.47
  ",0.89,us
Brad,62,"
    51.61%
  ","
    329.32
  ","
    0.60
  ","
    0.53
  ","
    1.47
  ","
    2.37
  ",0.89,br
Rizzo,713,"
    57.36%
  ","
    289.45
  ","
    0.57
  ","
    0.55
  ","
    1.40
  ","
    2.45
  ",0.89,us
Killerno7,31,"
    45.16%
  ","
    225.32
  ","
    0.74
  ","
    0.29
  ","
    1.03
  ","
    2.58
  ",0.89,de
Klassux,353,"
    48.16%
  ","
    253.48
  ","
    0.58
  ","
    0.50
  ","
    1.34
  ","
    2.52
  ",0.89,us
PrimeThunder,91,"
    39.56%
  ","
    313.13
  ","
    0.62
  ","
    0.44
  ","
    1.25
  ","
    2.85
  ",0.89,us
Krexy,5,"
    40.00%
  ","
    351.20
  ","
    0.40
  ","
    0.80
  ","
    1.60
  ","
    3.00
  ",0.89,int
yeatzy,138,"
    50.72%
  ","
    339.69
  ","
    0.54
  ","
    0.48
  ","
    1.69
  ","
    2.22
  ",0.89,au
Tjester,33,"
    42.42%
  ","
    345.76
  ","
    0.73
  ","
    0.36
  ","
    1.55
  ","
    2.76
  ",0.89,int
GroovyGrape,29,"
    48.28%
  ","
    224.66
  ","
    0.62
  ","
    0.41
  ","
    1.31
  ","
    2.21
  ",0.89,au
de Boer,10,"
    60.00%
  ","
    208.00
  ","
    0.80
  ","
    0.80
  ","
    0.60
  ","
    2.40
  ",0.89,es
Lexim,104,"
    42.31%
  ","
    324.86
  ","
    0.60
  ","
    0.43
  ","
    1.35
  ","
    2.10
  ",0.89,int
SaphiiX,3,"
    0.00%
  ","
    316.33
  ","
    0.67
  ","
    0.00
  ","
    2.00
  ","
    2.67
  ",0.89,int
Kia,133,"
    43.61%
  ","
    259.35
  ","
    0.56
  ","
    0.55
  ","
    1.32
  ","
    2.34
  ",0.89,au
rothie,12,"
    50.00%
  ","
    301.33
  ","
    0.75
  ","
    0.25
  ","
    1.33
  ","
    1.83
  ",0.89,au
Sharp,39,"
    25.64%
  ","
    321.56
  ","
    0.62
  ","
    0.31
  ","
    1.56
  ","
    2.26
  ",0.89,dk
BRUNOVISQUII,148,"
    44.59%
  ","
    344.86
  ","
    0.48
  ","
    0.54
  ","
    1.53
  ","
    1.95
  ",0.88,br
pure,18,"
    38.89%
  ","
    354.94
  ","
    0.61
  ","
    0.56
  ","
    1.61
  ","
    1.83
  ",0.88,int
change,70,"
    40.00%
  ","
    320.63
  ","
    0.50
  ","
    0.56
  ","
    1.44
  ","
    1.80
  ",0.88,au
Kil,9,"
    33.33%
  ","
    362.78
  ","
    0.56
  ","
    0.67
  ","
    1.56
  ","
    2.11
  ",0.88,es
Delta,111,"
    51.35%
  ","
    328.73
  ","
    0.58
  ","
    0.50
  ","
    1.29
  ","
    2.49
  ",0.88,us
LeoDkn,91,"
    50.55%
  ","
    337.62
  ","
    0.51
  ","
    0.51
  ","
    1.67
  ","
    2.02
  ",0.88,br
Astroh,83,"
    43.37%
  ","
    354.83
  ","
    0.57
  ","
    0.47
  ","
    1.65
  ","
    2.17
  ",0.88,us
Iryzer,20,"
    45.00%
  ","
    330.10
  ","
    0.75
  ","
    0.35
  ","
    1.20
  ","
    2.85
  ",0.88,fr
Allushin,418,"
    50.96%
  ","
    332.31
  ","
    0.55
  ","
    0.52
  ","
    1.51
  ","
    2.32
  ",0.88,ca
0ver Zer0,63,"
    53.97%
  ","
    230.87
  ","
    0.60
  ","
    0.65
  ","
    1.14
  ","
    2.70
  ",0.88,us
al0t,381,"
    42.26%
  ","
    260.33
  ","
    0.61
  ","
    0.43
  ","
    1.25
  ","
    2.51
  ",0.88,se
korSki,11,"
    0.00%
  ","
    295.36
  ","
    0.82
  ","
    0.18
  ","
    1.27
  ","
    2.18
  ",0.88,int
The Optimistic Noob,3,"
    0.00%
  ","
    349.67
  ","
    0.33
  ","
    0.67
  ","
    2.00
  ","
    2.67
  ",0.88,int
XI,25,"
    40.00%
  ","
    365.48
  ","
    0.48
  ","
    0.52
  ","
    1.92
  ","
    2.36
  ",0.88,int
Dino,15,"
    40.00%
  ","
    352.00
  ","
    0.47
  ","
    0.60
  ","
    2.00
  ","
    1.87
  ",0.87,us
Skyline,104,"
    41.35%
  ","
    256.54
  ","
    0.53
  ","
    0.48
  ","
    1.53
  ","
    2.45
  ",0.87,ch
Arthur,11,"
    27.27%
  ","
    338.09
  ","
    0.36
  ","
    0.73
  ","
    1.64
  ","
    2.09
  ",0.87,int
Titanium,4,"
    75.00%
  ","
    349.00
  ","
    0.50
  ","
    1.00
  ","
    1.00
  ","
    3.00
  ",0.87,int
Sonic,11,"
    18.18%
  ","
    344.82
  ","
    0.36
  ","
    0.55
  ","
    1.73
  ","
    2.64
  ",0.87,int
miztik,313,"
    50.48%
  ","
    262.70
  ","
    0.55
  ","
    0.53
  ","
    1.42
  ","
    2.45
  ",0.87,gb
Alex161,82,"
    34.15%
  ","
    323.60
  ","
    0.45
  ","
    0.48
  ","
    1.62
  ","
    2.43
  ",0.87,de
Tvaristoo,29,"
    48.28%
  ","
    334.00
  ","
    0.59
  ","
    0.52
  ","
    1.17
  ","
    2.69
  ",0.87,int
TORRES8232,9,"
    33.33%
  ","
    370.56
  ","
    0.56
  ","
    0.44
  ","
    2.11
  ","
    2.44
  ",0.87,int
Luke,178,"
    46.63%
  ","
    332.97
  ","
    0.57
  ","
    0.46
  ","
    1.44
  ","
    2.34
  ",0.87,us
Dogu,96,"
    42.71%
  ","
    219.17
  ","
    0.60
  ","
    0.44
  ","
    1.63
  ","
    2.32
  ",0.87,nl
Sour,53,"
    37.74%
  ","
    340.36
  ","
    0.60
  ","
    0.45
  ","
    1.64
  ","
    2.09
  ",0.87,int
Buddy,64,"
    48.44%
  ","
    343.95
  ","
    0.53
  ","
    0.52
  ","
    1.41
  ","
    2.98
  ",0.87,us
Owen 0546,7,"
    14.29%
  ","
    388.43
  ","
    0.43
  ","
    0.29
  ","
    2.14
  ","
    1.86
  ",0.87,int
Viic,14,"
    14.29%
  ","
    349.71
  ","
    0.50
  ","
    0.29
  ","
    2.29
  ","
    1.57
  ",0.87,int
Sharvys,20,"
    45.00%
  ","
    350.45
  ","
    0.55
  ","
    0.45
  ","
    1.85
  ","
    1.60
  ",0.87,int
Tander,268,"
    69.03%
  ","
    323.31
  ","
    0.52
  ","
    0.54
  ","
    1.42
  ","
    2.34
  ",0.87,br
AlphaKep,205,"
    43.41%
  ","
    347.65
  ","
    0.55
  ","
    0.49
  ","
    1.53
  ","
    2.37
  ",0.87,us
Addzey,95,"
    40.00%
  ","
    242.33
  ","
    0.58
  ","
    0.54
  ","
    1.02
  ","
    2.32
  ",0.87,nz
yanD,74,"
    36.49%
  ","
    368.31
  ","
    0.49
  ","
    0.49
  ","
    1.72
  ","
    2.15
  ",0.87,br
Stokelyy,46,"
    41.30%
  ","
    339.07
  ","
    0.50
  ","
    0.46
  ","
    1.61
  ","
    2.13
  ",0.87,us
Wreckrez,21,"
    28.57%
  ","
    371.48
  ","
    0.62
  ","
    0.19
  ","
    2.05
  ","
    2.43
  ",0.87,int
Dave,16,"
    31.25%
  ","
    345.75
  ","
    0.56
  ","
    0.56
  ","
    1.31
  ","
    1.81
  ",0.87,sk
hughesy,8,"
    25.00%
  ","
    356.00
  ","
    0.50
  ","
    0.25
  ","
    1.75
  ","
    2.38
  ",0.87,int
Ness,61,"
    34.43%
  ","
    350.26
  ","
    0.49
  ","
    0.41
  ","
    1.80
  ","
    2.36
  ",0.87,int
Its Trueno,6,"
    50.00%
  ","
    314.67
  ","
    0.67
  ","
    0.67
  ","
    0.67
  ","
    2.33
  ",0.87,int
nudging,4,"
    25.00%
  ","
    344.75
  ","
    0.75
  ","
    0.00
  ","
    1.75
  ","
    1.75
  ",0.86,int
Roll Dizz,137,"
    39.42%
  ","
    342.47
  ","
    0.55
  ","
    0.34
  ","
    1.61
  ","
    2.33
  ",0.86,us
Timi,110,"
    40.91%
  ","
    233.68
  ","
    0.55
  ","
    0.45
  ","
    1.28
  ","
    2.45
  ",0.86,ca
fruity,441,"
    51.25%
  ","
    325.60
  ","
    0.51
  ","
    0.51
  ","
    1.48
  ","
    2.37
  ",0.86,dk
Justuszzz,18,"
    38.89%
  ","
    375.61
  ","
    0.44
  ","
    0.56
  ","
    1.89
  ","
    2.56
  ",0.86,nl
Gabriellost321,55,"
    29.09%
  ","
    347.87
  ","
    0.65
  ","
    0.29
  ","
    1.78
  ","
    2.36
  ",0.86,int
Low5ive,15,"
    46.67%
  ","
    192.00
  ","
    0.60
  ","
    0.47
  ","
    1.00
  ","
    2.33
  ",0.86,us
Sea-Bass,108,"
    29.63%
  ","
    298.13
  ","
    0.51
  ","
    0.40
  ","
    1.70
  ","
    2.31
  ",0.86,us
kinseh,242,"
    50.41%
  ","
    363.25
  ","
    0.56
  ","
    0.40
  ","
    1.86
  ","
    2.46
  ",0.86,us
Bork,8,"
    25.00%
  ","
    311.50
  ","
    0.75
  ","
    0.38
  ","
    0.88
  ","
    2.50
  ",0.86,us
ianpinheiro,93,"
    48.39%
  ","
    327.01
  ","
    0.54
  ","
    0.53
  ","
    1.30
  ","
    2.38
  ",0.86,br
Zensuz,61,"
    39.34%
  ","
    234.34
  ","
    0.52
  ","
    0.49
  ","
    1.59
  ","
    2.20
  ",0.86,se
Amoney,44,"
    27.27%
  ","
    217.84
  ","
    0.55
  ","
    0.32
  ","
    1.77
  ","
    1.86
  ",0.86,us
Tahz,94,"
    43.62%
  ","
    346.68
  ","
    0.54
  ","
    0.39
  ","
    1.81
  ","
    2.14
  ",0.86,nl
eren,29,"
    48.28%
  ","
    189.31
  ","
    0.48
  ","
    0.66
  ","
    1.07
  ","
    1.72
  ",0.86,au
Demo,56,"
    39.29%
  ","
    372.59
  ","
    0.52
  ","
    0.38
  ","
    1.93
  ","
    2.63
  ",0.86,us
Pirates,70,"
    41.43%
  ","
    349.43
  ","
    0.53
  ","
    0.44
  ","
    1.67
  ","
    2.24
  ",0.86,us
Lucas06,14,"
    35.71%
  ","
    365.21
  ","
    0.43
  ","
    0.43
  ","
    2.43
  ","
    1.71
  ",0.86,int
Tigreee,239,"
    43.93%
  ","
    330.22
  ","
    0.51
  ","
    0.47
  ","
    1.55
  ","
    2.49
  ",0.86,de
Spratt,82,"
    50.00%
  ","
    328.02
  ","
    0.59
  ","
    0.52
  ","
    1.38
  ","
    2.17
  ",0.86,au
MirrorWing,36,"
    36.11%
  ","
    343.72
  ","
    0.69
  ","
    0.31
  ","
    1.42
  ","
    2.58
  ",0.86,ch
JJPrezus,43,"
    32.56%
  ","
    348.21
  ","
    0.56
  ","
    0.40
  ","
    1.40
  ","
    2.49
  ",0.86,int
FTMHere,29,"
    44.83%
  ","
    339.66
  ","
    0.55
  ","
    0.55
  ","
    1.31
  ","
    2.76
  ",0.86,us
Gian,62,"
    56.45%
  ","
    351.97
  ","
    0.74
  ","
    0.26
  ","
    1.37
  ","
    2.68
  ",0.85,int
Cynical,93,"
    48.39%
  ","
    333.02
  ","
    0.55
  ","
    0.59
  ","
    1.49
  ","
    2.39
  ",0.85,gb
TopCheese,20,"
    35.00%
  ","
    357.95
  ","
    0.50
  ","
    0.45
  ","
    1.75
  ","
    2.50
  ",0.85,int
Hec,56,"
    41.07%
  ","
    349.63
  ","
    0.54
  ","
    0.50
  ","
    1.55
  ","
    2.16
  ",0.85,us
Sammy,28,"
    32.14%
  ","
    253.57
  ","
    0.36
  ","
    0.54
  ","
    2.04
  ","
    2.54
  ",0.85,au
Darou,9,"
    44.44%
  ","
    386.44
  ","
    0.56
  ","
    0.33
  ","
    1.89
  ","
    2.89
  ",0.85,int
Rexonik,3,"
    0.00%
  ","
    331.00
  ","
    0.33
  ","
    0.67
  ","
    1.00
  ","
    2.67
  ",0.85,int
LCT,22,"
    40.91%
  ","
    305.59
  ","
    0.77
  ","
    0.50
  ","
    0.86
  ","
    2.64
  ",0.85,id
Maadzz,31,"
    29.03%
  ","
    364.03
  ","
    0.55
  ","
    0.45
  ","
    1.68
  ","
    2.58
  ",0.85,no
Scream,47,"
    36.17%
  ","
    325.32
  ","
    0.45
  ","
    0.60
  ","
    1.34
  ","
    2.60
  ",0.85,de
Nachitow,69,"
    37.68%
  ","
    347.33
  ","
    0.49
  ","
    0.46
  ","
    1.62
  ","
    2.67
  ",0.85,es
Zanejackey,263,"
    46.39%
  ","
    231.92
  ","
    0.56
  ","
    0.50
  ","
    1.24
  ","
    2.17
  ",0.85,us
Artyrus,33,"
    42.42%
  ","
    347.39
  ","
    0.45
  ","
    0.52
  ","
    1.70
  ","
    2.42
  ",0.85,be
Eckhard,23,"
    30.43%
  ","
    321.43
  ","
    0.52
  ","
    0.52
  ","
    1.70
  ","
    2.09
  ",0.85,de
AppleCrash,29,"
    48.28%
  ","
    348.28
  ","
    0.52
  ","
    0.48
  ","
    1.69
  ","
    2.28
  ",0.85,int
tallie,56,"
    41.07%
  ","
    362.41
  ","
    0.57
  ","
    0.41
  ","
    1.71
  ","
    2.70
  ",0.84,int
whiss,22,"
    50.00%
  ","
    304.77
  ","
    0.55
  ","
    0.27
  ","
    1.77
  ","
    2.41
  ",0.84,au
SubHallz,43,"
    39.53%
  ","
    308.91
  ","
    0.42
  ","
    0.49
  ","
    1.53
  ","
    1.95
  ",0.84,int
Jessie,106,"
    38.68%
  ","
    220.21
  ","
    0.52
  ","
    0.54
  ","
    1.37
  ","
    2.07
  ",0.84,nl
DisLike,81,"
    38.27%
  ","
    331.57
  ","
    0.52
  ","
    0.40
  ","
    1.53
  ","
    2.26
  ",0.84,ar
Chilli,7,"
    0.00%
  ","
    335.00
  ","
    0.43
  ","
    0.57
  ","
    2.00
  ","
    1.57
  ",0.84,int
Vive,52,"
    50.00%
  ","
    276.71
  ","
    0.58
  ","
    0.42
  ","
    1.15
  ","
    2.21
  ",0.84,au
Envoy,8,"
    25.00%
  ","
    323.88
  ","
    0.50
  ","
    0.63
  ","
    1.38
  ","
    1.75
  ",0.84,int
JRodz,16,"
    31.25%
  ","
    341.06
  ","
    0.63
  ","
    0.44
  ","
    1.38
  ","
    3.06
  ",0.84,int
Luis,8,"
    50.00%
  ","
    190.63
  ","
    0.75
  ","
    0.38
  ","
    1.25
  ","
    2.13
  ",0.84,au
UmBroken,40,"
    42.50%
  ","
    350.52
  ","
    0.50
  ","
    0.25
  ","
    2.05
  ","
    2.00
  ",0.84,int
musty,17,"
    47.06%
  ","
    271.24
  ","
    0.53
  ","
    0.65
  ","
    1.06
  ","
    1.65
  ",0.83,int
Flare,6,"
    50.00%
  ","
    287.50
  ","
    0.50
  ","
    0.67
  ","
    1.17
  ","
    2.00
  ",0.83,int
Wells,40,"
    42.50%
  ","
    340.85
  ","
    0.53
  ","
    0.38
  ","
    1.70
  ","
    2.23
  ",0.83,br
Brisky,27,"
    48.15%
  ","
    325.70
  ","
    0.44
  ","
    0.59
  ","
    1.70
  ","
    1.96
  ",0.83,int
Stocki,3,"
    0.00%
  ","
    366.67
  ","
    0.67
  ","
    0.00
  ","
    1.67
  ","
    3.00
  ",0.83,ch
Cruzza,29,"
    27.59%
  ","
    313.28
  ","
    0.48
  ","
    0.48
  ","
    1.55
  ","
    1.90
  ",0.83,au
LiFox,23,"
    30.43%
  ","
    406.70
  ","
    0.35
  ","
    0.39
  ","
    2.26
  ","
    3.39
  ",0.83,de
Godsmilla,242,"
    48.76%
  ","
    331.03
  ","
    0.51
  ","
    0.47
  ","
    1.55
  ","
    2.45
  ",0.83,de
Reganam,5,"
    60.00%
  ","
    146.00
  ","
    0.80
  ","
    0.60
  ","
    0.60
  ","
    1.20
  ",0.83,no
Shadow,122,"
    35.25%
  ","
    353.18
  ","
    0.49
  ","
    0.42
  ","
    1.78
  ","
    2.39
  ",0.83,us
GaTox,31,"
    32.26%
  ","
    295.32
  ","
    0.58
  ","
    0.23
  ","
    1.29
  ","
    2.26
  ",0.83,cl
Tobee,22,"
    40.91%
  ","
    334.09
  ","
    0.59
  ","
    0.45
  ","
    1.55
  ","
    2.59
  ",0.82,int
ayLucky,12,"
    25.00%
  ","
    291.42
  ","
    0.67
  ","
    0.33
  ","
    1.17
  ","
    2.25
  ",0.82,int
Karma,151,"
    32.45%
  ","
    324.12
  ","
    0.44
  ","
    0.40
  ","
    1.62
  ","
    2.27
  ",0.82,us
taingerz,17,"
    29.41%
  ","
    324.24
  ","
    0.59
  ","
    0.47
  ","
    1.35
  ","
    2.00
  ",0.82,int
Seeb,5,"
    60.00%
  ","
    267.60
  ","
    0.40
  ","
    0.80
  ","
    1.00
  ","
    1.80
  ",0.82,no
Jimby,11,"
    45.45%
  ","
    271.91
  ","
    0.55
  ","
    0.64
  ","
    0.91
  ","
    1.73
  ",0.82,int
Dootsi,27,"
    25.93%
  ","
    308.22
  ","
    0.37
  ","
    0.56
  ","
    1.59
  ","
    2.30
  ",0.82,int
JosherSquasher,18,"
    33.33%
  ","
    388.17
  ","
    0.39
  ","
    0.33
  ","
    2.44
  ","
    1.78
  ",0.82,int
Vafele,5,"
    40.00%
  ","
    173.00
  ","
    0.60
  ","
    0.40
  ","
    0.60
  ","
    2.00
  ",0.82,us
TyNotTyler,125,"
    34.40%
  ","
    305.62
  ","
    0.44
  ","
    0.43
  ","
    1.59
  ","
    2.58
  ",0.82,us
MummiSnow,34,"
    32.35%
  ","
    244.85
  ","
    0.41
  ","
    0.50
  ","
    1.41
  ","
    2.06
  ",0.82,dk
HP,3,"
    0.00%
  ","
    272.33
  ","
    0.00
  ","
    1.00
  ","
    1.00
  ","
    3.00
  ",0.82,int
Kevin07,53,"
    37.74%
  ","
    328.28
  ","
    0.60
  ","
    0.30
  ","
    1.42
  ","
    2.15
  ",0.81,int
Flarke,24,"
    20.83%
  ","
    214.38
  ","
    0.58
  ","
    0.25
  ","
    1.42
  ","
    1.92
  ",0.81,se
kilEak,5,"
    0.00%
  ","
    197.00
  ","
    0.60
  ","
    0.20
  ","
    1.00
  ","
    2.60
  ",0.81,no
KyRo,34,"
    44.12%
  ","
    335.82
  ","
    0.50
  ","
    0.50
  ","
    1.44
  ","
    2.18
  ",0.81,int
Lubby,18,"
    38.89%
  ","
    309.33
  ","
    0.61
  ","
    0.33
  ","
    1.39
  ","
    2.33
  ",0.81,int
Trex,31,"
    29.03%
  ","
    337.06
  ","
    0.58
  ","
    0.26
  ","
    1.81
  ","
    2.23
  ",0.81,int
Skyy,18,"
    27.78%
  ","
    351.67
  ","
    0.39
  ","
    0.44
  ","
    2.00
  ","
    2.11
  ",0.81,pt
Decxp,44,"
    36.36%
  ","
    322.20
  ","
    0.59
  ","
    0.30
  ","
    1.50
  ","
    2.27
  ",0.80,us
pants,16,"
    31.25%
  ","
    320.81
  ","
    0.81
  ","
    0.19
  ","
    1.13
  ","
    2.13
  ",0.80,int
Gonk,110,"
    30.91%
  ","
    301.51
  ","
    0.43
  ","
    0.43
  ","
    1.25
  ","
    2.05
  ",0.80,cl
crave,11,"
    18.18%
  ","
    290.45
  ","
    0.36
  ","
    0.45
  ","
    1.36
  ","
    2.18
  ",0.80,int
Flasheeyy,56,"
    35.71%
  ","
    330.73
  ","
    0.38
  ","
    0.52
  ","
    1.52
  ","
    2.04
  ",0.80,br
DanzhizzLe,29,"
    34.48%
  ","
    209.14
  ","
    0.45
  ","
    0.41
  ","
    1.28
  ","
    2.28
  ",0.80,nl
Sebadam,88,"
    36.36%
  ","
    275.52
  ","
    0.50
  ","
    0.45
  ","
    1.42
  ","
    2.00
  ",0.80,gb
Blimp,21,"
    28.57%
  ","
    305.33
  ","
    0.38
  ","
    0.52
  ","
    1.67
  ","
    2.19
  ",0.80,int
Royales,74,"
    36.49%
  ","
    328.31
  ","
    0.57
  ","
    0.32
  ","
    1.45
  ","
    2.14
  ",0.80,br
obebluee,7,"
    28.57%
  ","
    338.00
  ","
    0.71
  ","
    0.14
  ","
    1.00
  ","
    2.57
  ",0.80,int
Pluto,139,"
    51.08%
  ","
    210.46
  ","
    0.47
  ","
    0.47
  ","
    1.33
  ","
    1.89
  ",0.80,us
Beastaboniam,111,"
    51.35%
  ","
    331.40
  ","
    0.48
  ","
    0.44
  ","
    1.60
  ","
    2.23
  ",0.80,us
Smiths,5,"
    40.00%
  ","
    273.00
  ","
    0.60
  ","
    0.00
  ","
    1.40
  ","
    1.80
  ",0.79,au
Ninja23509,74,"
    36.49%
  ","
    339.28
  ","
    0.53
  ","
    0.34
  ","
    1.80
  ","
    2.12
  ",0.79,br
Harps,13,"
    23.08%
  ","
    357.77
  ","
    0.46
  ","
    0.23
  ","
    2.08
  ","
    2.46
  ",0.79,int
Gekkenman,8,"
    25.00%
  ","
    351.13
  ","
    0.50
  ","
    0.13
  ","
    2.00
  ","
    1.63
  ",0.79,int
Halcyon,25,"
    16.00%
  ","
    203.80
  ","
    0.44
  ","
    0.28
  ","
    1.36
  ","
    2.16
  ",0.79,us
Hectic,26,"
    38.46%
  ","
    208.85
  ","
    0.42
  ","
    0.19
  ","
    1.77
  ","
    1.73
  ",0.79,au
Lunation,34,"
    14.71%
  ","
    206.03
  ","
    0.53
  ","
    0.59
  ","
    1.24
  ","
    2.21
  ",0.79,gb
apL,12,"
    25.00%
  ","
    319.58
  ","
    0.58
  ","
    0.33
  ","
    1.33
  ","
    2.25
  ",0.79,int
fishhr,18,"
    33.33%
  ","
    325.83
  ","
    0.50
  ","
    0.33
  ","
    1.61
  ","
    1.94
  ",0.79,int
JZR,9,"
    66.67%
  ","
    233.89
  ","
    0.56
  ","
    0.33
  ","
    1.33
  ","
    2.67
  ",0.79,fi
durtho,2,"
    0.00%
  ","
    320.50
  ","
    0.50
  ","
    0.00
  ","
    1.50
  ","
    1.00
  ",0.78,int
RuBiiX,69,"
    40.58%
  ","
    332.01
  ","
    0.39
  ","
    0.51
  ","
    1.67
  ","
    2.10
  ",0.78,es
Satthew,262,"
    43.13%
  ","
    294.18
  ","
    0.45
  ","
    0.47
  ","
    1.22
  ","
    2.22
  ",0.78,us
Bacon,18,"
    33.33%
  ","
    336.61
  ","
    0.39
  ","
    0.44
  ","
    1.89
  ","
    1.94
  ",0.78,int
KnS,38,"
    21.05%
  ","
    332.37
  ","
    0.53
  ","
    0.29
  ","
    1.66
  ","
    2.26
  ",0.78,int
GingerNinjaDT9,29,"
    17.24%
  ","
    192.93
  ","
    0.66
  ","
    0.38
  ","
    1.00
  ","
    2.45
  ",0.78,gb
johnn,3,"
    100.00%
  ","
    285.67
  ","
    0.67
  ","
    0.67
  ","
    0.33
  ","
    2.00
  ",0.78,int
Cyrexal,78,"
    48.72%
  ","
    321.81
  ","
    0.46
  ","
    0.37
  ","
    1.68
  ","
    1.87
  ",0.77,int
Angel,3,"
    33.33%
  ","
    322.33
  ","
    0.67
  ","
    0.00
  ","
    1.33
  ","
    3.33
  ",0.77,us
Manteca,12,"
    33.33%
  ","
    288.75
  ","
    0.67
  ","
    0.42
  ","
    1.00
  ","
    2.58
  ",0.77,ar
Zest,37,"
    24.32%
  ","
    240.35
  ","
    0.43
  ","
    0.38
  ","
    1.43
  ","
    1.81
  ",0.77,au
MD,15,"
    33.33%
  ","
    321.27
  ","
    0.73
  ","
    0.27
  ","
    0.93
  ","
    3.13
  ",0.77,de
Chr1s,59,"
    49.15%
  ","
    294.07
  ","
    0.51
  ","
    0.36
  ","
    1.29
  ","
    2.46
  ",0.77,int
Valisk,27,"
    25.93%
  ","
    351.04
  ","
    0.33
  ","
    0.41
  ","
    2.15
  ","
    2.59
  ",0.77,int
Sweeper,2,"
    50.00%
  ","
    458.00
  ","
    0.00
  ","
    0.50
  ","
    2.50
  ","
    3.50
  ",0.76,int
ClayX,34,"
    35.29%
  ","
    288.76
  ","
    0.44
  ","
    0.53
  ","
    1.24
  ","
    2.35
  ",0.76,es
Inferno,18,"
    27.78%
  ","
    333.61
  ","
    0.50
  ","
    0.22
  ","
    2.00
  ","
    2.50
  ",0.76,no
Kryptos,91,"
    46.15%
  ","
    307.57
  ","
    0.42
  ","
    0.48
  ","
    1.35
  ","
    2.26
  ",0.76,de
WarBean,20,"
    35.00%
  ","
    328.55
  ","
    0.50
  ","
    0.40
  ","
    1.45
  ","
    1.85
  ",0.76,int
Toe,4,"
    25.00%
  ","
    306.00
  ","
    0.25
  ","
    0.50
  ","
    1.75
  ","
    1.00
  ",0.76,ca
Tehda,30,"
    40.00%
  ","
    306.87
  ","
    0.37
  ","
    0.50
  ","
    1.53
  ","
    1.87
  ",0.75,gb
Jaffar,8,"
    25.00%
  ","
    382.25
  ","
    0.38
  ","
    0.38
  ","
    1.63
  ","
    2.25
  ",0.75,int
Continuum,55,"
    23.64%
  ","
    201.36
  ","
    0.51
  ","
    0.33
  ","
    1.36
  ","
    2.02
  ",0.75,ch
Wesley,7,"
    14.29%
  ","
    351.29
  ","
    0.43
  ","
    0.29
  ","
    1.86
  ","
    1.29
  ",0.75,int
tvaristo,16,"
    31.25%
  ","
    311.94
  ","
    0.56
  ","
    0.38
  ","
    1.19
  ","
    2.75
  ",0.75,int
Anti,8,"
    25.00%
  ","
    250.88
  ","
    0.63
  ","
    0.25
  ","
    0.88
  ","
    2.38
  ",0.75,int
Emre,10,"
    40.00%
  ","
    336.60
  ","
    0.50
  ","
    0.30
  ","
    1.70
  ","
    1.70
  ",0.75,de
Mout,1,"
    100.00%
  ","
    345.00
  ","
    0.00
  ","
    1.00
  ","
    1.00
  ","
    2.00
  ",0.75,fr
Jkow,17,"
    29.41%
  ","
    349.12
  ","
    0.35
  ","
    0.47
  ","
    1.41
  ","
    2.76
  ",0.75,int
WaddyZ,3,"
    0.00%
  ","
    266.00
  ","
    1.00
  ","
    0.00
  ","
    0.67
  ","
    2.67
  ",0.75,int
Fireworks,18,"
    33.33%
  ","
    197.50
  ","
    0.56
  ","
    0.33
  ","
    1.28
  ","
    2.11
  ",0.75,us
DudeWithTheNose,25,"
    20.00%
  ","
    325.64
  ","
    0.28
  ","
    0.24
  ","
    1.96
  ","
    1.60
  ",0.75,ca
Shamzi,6,"
    16.67%
  ","
    307.67
  ","
    0.33
  ","
    0.17
  ","
    2.00
  ","
    1.33
  ",0.75,int
Church,6,"
    0.00%
  ","
    300.50
  ","
    0.67
  ","
    0.00
  ","
    1.17
  ","
    1.83
  ",0.75,int
Skux,14,"
    14.29%
  ","
    290.00
  ","
    0.36
  ","
    0.50
  ","
    1.36
  ","
    1.79
  ",0.74,int
ostyn,35,"
    34.29%
  ","
    314.09
  ","
    0.29
  ","
    0.54
  ","
    1.54
  ","
    1.49
  ",0.74,us
DavInsano,85,"
    25.88%
  ","
    314.24
  ","
    0.39
  ","
    0.38
  ","
    1.59
  ","
    1.80
  ",0.74,br
junglies,11,"
    18.18%
  ","
    286.91
  ","
    0.36
  ","
    0.27
  ","
    1.36
  ","
    2.73
  ",0.74,int
klaus,9,"
    33.33%
  ","
    304.22
  ","
    0.33
  ","
    0.44
  ","
    1.11
  ","
    2.33
  ",0.74,int
Elko,7,"
    28.57%
  ","
    323.00
  ","
    0.43
  ","
    0.29
  ","
    1.43
  ","
    1.86
  ",0.73,int
EleXiT,9,"
    0.00%
  ","
    386.44
  ","
    0.22
  ","
    0.22
  ","
    2.89
  ","
    1.67
  ",0.73,int
Slush,9,"
    0.00%
  ","
    270.44
  ","
    0.44
  ","
    0.22
  ","
    1.44
  ","
    1.78
  ",0.73,int
Kisai,14,"
    21.43%
  ","
    345.00
  ","
    0.50
  ","
    0.07
  ","
    2.07
  ","
    2.21
  ",0.73,int
Aza,63,"
    44.44%
  ","
    287.14
  ","
    0.40
  ","
    0.51
  ","
    1.00
  ","
    1.98
  ",0.73,au
nerd,24,"
    25.00%
  ","
    187.50
  ","
    0.46
  ","
    0.17
  ","
    1.67
  ","
    1.71
  ",0.73,au
Bubbley,3,"
    0.00%
  ","
    357.00
  ","
    0.33
  ","
    0.33
  ","
    1.67
  ","
    2.33
  ",0.73,int
Leviathan,68,"
    52.94%
  ","
    302.96
  ","
    0.54
  ","
    0.31
  ","
    1.16
  ","
    2.38
  ",0.73,au
Chronic,30,"
    43.33%
  ","
    349.63
  ","
    0.33
  ","
    0.27
  ","
    1.90
  ","
    2.07
  ",0.73,int
OneTwoFour,3,"
    0.00%
  ","
    294.00
  ","
    0.33
  ","
    0.33
  ","
    2.00
  ","
    2.00
  ",0.73,int
Doomayn,6,"
    0.00%
  ","
    328.83
  ","
    0.33
  ","
    0.50
  ","
    1.83
  ","
    1.83
  ",0.73,de
Storm,8,"
    25.00%
  ","
    291.13
  ","
    0.25
  ","
    0.50
  ","
    1.63
  ","
    1.63
  ",0.72,int
CPMolden,18,"
    33.33%
  ","
    283.11
  ","
    0.44
  ","
    0.44
  ","
    1.00
  ","
    2.44
  ",0.72,int
Nef,3,"
    0.00%
  ","
    280.67
  ","
    0.67
  ","
    0.00
  ","
    1.00
  ","
    2.00
  ",0.72,int
Noizee,37,"
    18.92%
  ","
    267.38
  ","
    0.35
  ","
    0.22
  ","
    1.70
  ","
    1.76
  ",0.72,au
RevogaS,38,"
    21.05%
  ","
    316.55
  ","
    0.37
  ","
    0.34
  ","
    1.79
  ","
    1.82
  ",0.72,int
Creamz,14,"
    14.29%
  ","
    346.86
  ","
    0.14
  ","
    0.64
  ","
    2.36
  ","
    1.64
  ",0.72,ca
Plots,7,"
    14.29%
  ","
    320.71
  ","
    0.29
  ","
    0.29
  ","
    2.14
  ","
    1.00
  ",0.72,int
falss,49,"
    36.73%
  ","
    313.04
  ","
    0.37
  ","
    0.33
  ","
    1.65
  ","
    1.98
  ",0.72,mx
taysech,4,"
    25.00%
  ","
    317.75
  ","
    0.50
  ","
    0.25
  ","
    1.25
  ","
    3.50
  ",0.72,int
Lenrid,9,"
    0.00%
  ","
    341.78
  ","
    0.22
  ","
    0.22
  ","
    2.67
  ","
    1.56
  ",0.72,int
Scout,21,"
    38.10%
  ","
    325.10
  ","
    0.52
  ","
    0.29
  ","
    1.24
  ","
    2.62
  ",0.72,int
Chippy,61,"
    39.34%
  ","
    319.00
  ","
    0.46
  ","
    0.34
  ","
    1.33
  ","
    2.23
  ",0.72,gb
acqua,7,"
    57.14%
  ","
    271.43
  ","
    0.29
  ","
    0.86
  ","
    0.86
  ","
    1.29
  ",0.71,int
Eversax,17,"
    47.06%
  ","
    298.06
  ","
    0.35
  ","
    0.47
  ","
    1.47
  ","
    2.18
  ",0.71,be
Outcast,12,"
    25.00%
  ","
    256.92
  ","
    0.42
  ","
    0.42
  ","
    0.92
  ","
    1.92
  ",0.71,int
tatagane123,4,"
    25.00%
  ","
    335.25
  ","
    0.25
  ","
    0.25
  ","
    2.25
  ","
    1.25
  ",0.70,int
Malakiss,16,"
    43.75%
  ","
    283.25
  ","
    0.63
  ","
    0.19
  ","
    1.25
  ","
    2.13
  ",0.70,us
Pedrinho,38,"
    21.05%
  ","
    313.29
  ","
    0.37
  ","
    0.39
  ","
    1.63
  ","
    2.08
  ",0.70,int
MateusSTL,7,"
    57.14%
  ","
    262.00
  ","
    0.29
  ","
    0.43
  ","
    1.43
  ","
    2.57
  ",0.70,br
AbsorbentKarma,3,"
    0.00%
  ","
    392.00
  ","
    0.00
  ","
    0.67
  ","
    2.00
  ","
    2.00
  ",0.70,mx
orbit,13,"
    7.69%
  ","
    274.38
  ","
    0.31
  ","
    0.31
  ","
    1.54
  ","
    1.85
  ",0.70,ar
Renxys,4,"
    25.00%
  ","
    289.75
  ","
    0.25
  ","
    0.25
  ","
    1.50
  ","
    3.75
  ",0.70,int
Firewall154,4,"
    50.00%
  ","
    253.00
  ","
    0.25
  ","
    0.75
  ","
    1.00
  ","
    1.50
  ",0.70,br
Nxko,3,"
    0.00%
  ","
    287.67
  ","
    1.00
  ","
    0.00
  ","
    1.00
  ","
    1.67
  ",0.70,int
Plip,19,"
    31.58%
  ","
    303.26
  ","
    0.37
  ","
    0.42
  ","
    1.26
  ","
    2.16
  ",0.70,us
snipjz,23,"
    13.04%
  ","
    278.30
  ","
    0.30
  ","
    0.35
  ","
    1.00
  ","
    2.26
  ",0.69,br
Camzyh,3,"
    0.00%
  ","
    391.33
  ","
    0.33
  ","
    0.00
  ","
    2.67
  ","
    1.33
  ",0.69,nl
Caz,31,"
    22.58%
  ","
    303.77
  ","
    0.29
  ","
    0.26
  ","
    1.42
  ","
    3.06
  ",0.69,int
Growlii,3,"
    0.00%
  ","
    244.33
  ","
    0.33
  ","
    0.33
  ","
    1.00
  ","
    3.33
  ",0.69,int
ghostfire,3,"
    0.00%
  ","
    298.00
  ","
    0.33
  ","
    0.33
  ","
    1.00
  ","
    2.33
  ",0.69,de
Azmo,2,"
    50.00%
  ","
    435.00
  ","
    0.50
  ","
    0.00
  ","
    1.50
  ","
    4.00
  ",0.69,int
pryyme,31,"
    35.48%
  ","
    323.61
  ","
    0.32
  ","
    0.39
  ","
    1.81
  ","
    1.71
  ",0.69,int
Bilbo,32,"
    25.00%
  ","
    289.84
  ","
    0.38
  ","
    0.41
  ","
    1.06
  ","
    2.31
  ",0.68,be
Lemonpuppy,34,"
    23.53%
  ","
    227.76
  ","
    0.35
  ","
    0.21
  ","
    1.41
  ","
    1.62
  ",0.68,us
bmendesantos,9,"
    33.33%
  ","
    341.33
  ","
    0.44
  ","
    0.00
  ","
    1.78
  ","
    1.78
  ",0.67,int
Spiral,8,"
    25.00%
  ","
    330.25
  ","
    0.25
  ","
    0.38
  ","
    1.38
  ","
    2.38
  ",0.67,int
Sword,25,"
    40.00%
  ","
    292.64
  ","
    0.40
  ","
    0.20
  ","
    1.32
  ","
    2.64
  ",0.67,br
qwop,5,"
    40.00%
  ","
    272.00
  ","
    0.20
  ","
    0.60
  ","
    1.20
  ","
    1.80
  ",0.67,us
foreverRx,3,"
    0.00%
  ","
    231.00
  ","
    0.00
  ","
    1.00
  ","
    0.67
  ","
    1.00
  ",0.67,br
Tinny,5,"
    0.00%
  ","
    156.00
  ","
    0.20
  ","
    0.60
  ","
    1.40
  ","
    0.80
  ",0.66,gb
cal,28,"
    35.71%
  ","
    307.93
  ","
    0.39
  ","
    0.25
  ","
    1.61
  ","
    1.93
  ",0.66,gb
Butters,5,"
    0.00%
  ","
    242.00
  ","
    0.40
  ","
    0.40
  ","
    1.20
  ","
    1.60
  ",0.66,int
Claven,9,"
    44.44%
  ","
    324.44
  ","
    0.33
  ","
    0.22
  ","
    1.56
  ","
    2.67
  ",0.66,us
Zukoe,36,"
    33.33%
  ","
    281.86
  ","
    0.47
  ","
    0.22
  ","
    1.19
  ","
    2.14
  ",0.66,au
Slurpee,26,"
    38.46%
  ","
    171.35
  ","
    0.31
  ","
    0.15
  ","
    1.62
  ","
    1.42
  ",0.65,au
Redi,64,"
    29.69%
  ","
    272.27
  ","
    0.34
  ","
    0.38
  ","
    1.09
  ","
    2.13
  ",0.64,int
Brenox,5,"
    20.00%
  ","
    386.20
  ","
    0.60
  ","
    0.00
  ","
    1.80
  ","
    2.00
  ",0.64,int
Chronomia,3,"
    33.33%
  ","
    278.33
  ","
    0.00
  ","
    0.67
  ","
    1.67
  ","
    2.33
  ",0.64,int
Reggles,21,"
    14.29%
  ","
    185.95
  ","
    0.38
  ","
    0.19
  ","
    1.24
  ","
    1.76
  ",0.64,au
Gr4nk0,3,"
    0.00%
  ","
    314.67
  ","
    0.00
  ","
    0.67
  ","
    2.00
  ","
    1.33
  ",0.63,int
RainBoy,6,"
    0.00%
  ","
    264.00
  ","
    0.17
  ","
    0.67
  ","
    1.17
  ","
    1.67
  ",0.63,int
milo,14,"
    21.43%
  ","
    258.57
  ","
    0.29
  ","
    0.36
  ","
    1.29
  ","
    1.43
  ",0.63,fr
Splashy,31,"
    22.58%
  ","
    284.87
  ","
    0.19
  ","
    0.32
  ","
    1.58
  ","
    2.16
  ",0.63,int
baait,9,"
    33.33%
  ","
    281.89
  ","
    0.44
  ","
    0.11
  ","
    1.44
  ","
    1.89
  ",0.63,int
Youngstar,3,"
    0.00%
  ","
    246.00
  ","
    0.00
  ","
    0.33
  ","
    1.33
  ","
    4.67
  ",0.63,int
ToXxicko,7,"
    28.57%
  ","
    291.57
  ","
    0.14
  ","
    0.57
  ","
    1.29
  ","
    1.86
  ",0.62,int
Viiexn,5,"
    0.00%
  ","
    278.20
  ","
    0.00
  ","
    0.80
  ","
    1.40
  ","
    1.80
  ",0.62,int
Gnagflow06,19,"
    26.32%
  ","
    300.89
  ","
    0.37
  ","
    0.21
  ","
    1.32
  ","
    1.74
  ",0.62,de
Dacks,6,"
    0.00%
  ","
    294.00
  ","
    0.33
  ","
    0.17
  ","
    1.67
  ","
    1.00
  ",0.62,int
Psycoquaxe,4,"
    25.00%
  ","
    296.50
  ","
    0.25
  ","
    0.25
  ","
    1.00
  ","
    2.50
  ",0.62,int
FaNaTiz,28,"
    46.43%
  ","
    167.86
  ","
    0.29
  ","
    0.29
  ","
    1.46
  ","
    1.46
  ",0.61,fr
Roblah,8,"
    25.00%
  ","
    323.25
  ","
    0.50
  ","
    0.00
  ","
    1.50
  ","
    2.63
  ",0.61,int
Deathxplotion,10,"
    40.00%
  ","
    281.60
  ","
    0.20
  ","
    0.40
  ","
    1.30
  ","
    0.90
  ",0.61,br
iRicky09,3,"
    0.00%
  ","
    262.00
  ","
    0.00
  ","
    0.67
  ","
    1.33
  ","
    2.33
  ",0.60,int
Kenzo,2,"
    0.00%
  ","
    276.50
  ","
    0.00
  ","
    0.50
  ","
    1.50
  ","
    2.00
  ",0.60,int
jojocats,4,"
    25.00%
  ","
    232.50
  ","
    0.00
  ","
    0.75
  ","
    0.75
  ","
    2.00
  ",0.60,us
OSP,5,"
    0.00%
  ","
    211.00
  ","
    0.20
  ","
    0.40
  ","
    1.40
  ","
    2.40
  ",0.60,gb
Dahma,3,"
    33.33%
  ","
    316.67
  ","
    0.33
  ","
    0.00
  ","
    2.33
  ","
    2.00
  ",0.60,int
Faykow,2,"
    0.00%
  ","
    286.50
  ","
    0.50
  ","
    0.00
  ","
    0.50
  ","
    2.00
  ",0.60,be
Paarth,4,"
    0.00%
  ","
    273.50
  ","
    0.25
  ","
    0.50
  ","
    1.00
  ","
    2.50
  ",0.59,int
Dalton,4,"
    25.00%
  ","
    298.50
  ","
    0.25
  ","
    0.25
  ","
    1.75
  ","
    2.50
  ",0.59,int
Huskih,20,"
    40.00%
  ","
    178.00
  ","
    0.20
  ","
    0.25
  ","
    1.25
  ","
    1.95
  ",0.59,us
Wolf,12,"
    25.00%
  ","
    259.25
  ","
    0.25
  ","
    0.33
  ","
    1.58
  ","
    1.75
  ",0.59,int
StepSisterrrr,2,"
    0.00%
  ","
    276.00
  ","
    0.50
  ","
    0.00
  ","
    1.50
  ","
    2.50
  ",0.59,int
killarnaud,28,"
    46.43%
  ","
    176.61
  ","
    0.43
  ","
    0.11
  ","
    1.54
  ","
    1.57
  ",0.59,fr
Fakyy,12,"
    16.67%
  ","
    145.42
  ","
    0.25
  ","
    0.33
  ","
    1.33
  ","
    1.58
  ",0.59,fr
big,7,"
    14.29%
  ","
    343.86
  ","
    0.29
  ","
    0.00
  ","
    2.86
  ","
    1.43
  ",0.58,int
Dequavis,6,"
    0.00%
  ","
    322.67
  ","
    0.17
  ","
    0.17
  ","
    2.33
  ","
    1.83
  ",0.58,int
Stev,10,"
    20.00%
  ","
    189.50
  ","
    0.30
  ","
    0.20
  ","
    1.60
  ","
    1.40
  ",0.58,us
Halden,8,"
    25.00%
  ","
    258.38
  ","
    0.38
  ","
    0.25
  ","
    1.00
  ","
    2.38
  ",0.58,int
totothdt,18,"
    27.78%
  ","
    280.67
  ","
    0.33
  ","
    0.22
  ","
    1.17
  ","
    2.22
  ",0.58,int
blu3y,4,"
    25.00%
  ","
    193.75
  ","
    0.25
  ","
    0.25
  ","
    1.00
  ","
    1.75
  ",0.58,au
robkiernxn,3,"
    0.00%
  ","
    350.67
  ","
    0.00
  ","
    0.33
  ","
    2.33
  ","
    1.00
  ",0.57,int
Chub,4,"
    25.00%
  ","
    297.75
  ","
    0.00
  ","
    0.50
  ","
    1.00
  ","
    2.75
  ",0.57,int
Gaiade,3,"
    0.00%
  ","
    289.00
  ","
    0.00
  ","
    0.33
  ","
    1.67
  ","
    2.67
  ",0.57,es
Gib,13,"
    23.08%
  ","
    260.54
  ","
    0.15
  ","
    0.38
  ","
    1.23
  ","
    1.38
  ",0.57,int
KAR0TTENP0WER,6,"
    0.00%
  ","
    248.00
  ","
    0.50
  ","
    0.00
  ","
    1.17
  ","
    1.83
  ",0.57,de
Jitt,5,"
    40.00%
  ","
    295.80
  ","
    0.40
  ","
    0.00
  ","
    0.80
  ","
    3.80
  ",0.57,int
CaioG1,6,"
    66.67%
  ","
    302.67
  ","
    0.17
  ","
    0.33
  ","
    1.33
  ","
    2.00
  ",0.57,int
Zanetti,4,"
    50.00%
  ","
    273.00
  ","
    0.50
  ","
    0.00
  ","
    2.00
  ","
    0.75
  ",0.57,int
ESS,7,"
    14.29%
  ","
    267.71
  ","
    0.29
  ","
    0.14
  ","
    1.43
  ","
    1.57
  ",0.56,int
regisspd,3,"
    33.33%
  ","
    325.33
  ","
    0.00
  ","
    0.33
  ","
    2.67
  ","
    1.33
  ",0.56,int
Mabu,7,"
    14.29%
  ","
    271.14
  ","
    0.43
  ","
    0.00
  ","
    1.71
  ","
    1.29
  ",0.55,int
Tarbs,6,"
    0.00%
  ","
    230.00
  ","
    0.50
  ","
    0.00
  ","
    1.17
  ","
    2.67
  ",0.55,int
Alpe,2,"
    0.00%
  ","
    259.00
  ","
    0.00
  ","
    0.50
  ","
    1.00
  ","
    2.00
  ",0.55,int
Protomz,8,"
    25.00%
  ","
    328.13
  ","
    0.00
  ","
    0.25
  ","
    2.38
  ","
    2.00
  ",0.55,br
Heps,12,"
    25.00%
  ","
    312.92
  ","
    0.17
  ","
    0.08
  ","
    2.00
  ","
    1.75
  ",0.54,int
Walker,2,"
    0.00%
  ","
    200.00
  ","
    0.50
  ","
    0.00
  ","
    0.00
  ","
    3.00
  ",0.53,int
Lance,3,"
    66.67%
  ","
    201.33
  ","
    0.33
  ","
    0.33
  ","
    0.33
  ","
    2.33
  ",0.53,cl
Flukesyy,6,"
    0.00%
  ","
    298.50
  ","
    0.17
  ","
    0.17
  ","
    1.83
  ","
    2.17
  ",0.53,int
JD,3,"
    33.33%
  ","
    228.00
  ","
    0.00
  ","
    0.67
  ","
    1.33
  ","
    0.33
  ",0.53,int
Richy,11,"
    18.18%
  ","
    261.82
  ","
    0.09
  ","
    0.18
  ","
    1.91
  ","
    1.27
  ",0.52,cl
Seb,4,"
    0.00%
  ","
    250.25
  ","
    0.25
  ","
    0.25
  ","
    1.25
  ","
    1.75
  ",0.52,int
Makuhebi,9,"
    0.00%
  ","
    227.00
  ","
    0.22
  ","
    0.22
  ","
    1.11
  ","
    1.56
  ",0.52,int
Teejway,11,"
    0.00%
  ","
    262.73
  ","
    0.09
  ","
    0.36
  ","
    1.73
  ","
    0.91
  ",0.52,int
saucy,1,"
    0.00%
  ","
    323.00
  ","
    0.00
  ","
    0.00
  ","
    4.00
  ","
    0.00
  ",0.50,int
Blueze,7,"
    28.57%
  ","
    126.43
  ","
    0.29
  ","
    0.14
  ","
    1.14
  ","
    1.43
  ",0.49,us
Happypingoo,6,"
    16.67%
  ","
    238.67
  ","
    0.17
  ","
    0.17
  ","
    1.17
  ","
    1.33
  ",0.49,int
goalie0124,4,"
    25.00%
  ","
    178.75
  ","
    0.00
  ","
    0.50
  ","
    0.50
  ","
    2.75
  ",0.48,int
mrvn,6,"
    0.00%
  ","
    291.00
  ","
    0.00
  ","
    0.17
  ","
    2.00
  ","
    1.83
  ",0.48,de
Canis,2,"
    0.00%
  ","
    197.50
  ","
    0.00
  ","
    0.50
  ","
    0.50
  ","
    2.00
  ",0.48,int
Barist,3,"
    0.00%
  ","
    309.33
  ","
    0.00
  ","
    0.00
  ","
    2.00
  ","
    3.33
  ",0.48,it
cominho,3,"
    33.33%
  ","
    249.33
  ","
    0.00
  ","
    0.33
  ","
    1.67
  ","
    2.00
  ",0.47,int
Sebs,3,"
    33.33%
  ","
    252.33
  ","
    0.00
  ","
    0.33
  ","
    1.67
  ","
    1.67
  ",0.47,int
Santana,3,"
    33.33%
  ","
    252.00
  ","
    0.00
  ","
    0.33
  ","
    1.00
  ","
    2.00
  ",0.46,int
Alemz,3,"
    0.00%
  ","
    312.67
  ","
    0.00
  ","
    0.00
  ","
    2.00
  ","
    2.67
  ",0.45,int
ColemanA,6,"
    0.00%
  ","
    145.00
  ","
    0.17
  ","
    0.00
  ","
    1.67
  ","
    1.17
  ",0.44,us
takeitt,3,"
    66.67%
  ","
    204.00
  ","
    0.00
  ","
    0.67
  ","
    0.33
  ","
    1.33
  ",0.44,int
FiremanJonas,3,"
    0.00%
  ","
    288.33
  ","
    0.00
  ","
    0.00
  ","
    2.00
  ","
    2.00
  ",0.40,int
star,6,"
    0.00%
  ","
    235.33
  ","
    0.17
  ","
    0.00
  ","
    1.83
  ","
    1.00
  ",0.40,int
DuduBRHue,3,"
    0.00%
  ","
    162.33
  ","
    0.00
  ","
    0.33
  ","
    0.67
  ","
    2.00
  ",0.40,int
Pulga,8,"
    25.00%
  ","
    217.00
  ","
    0.13
  ","
    0.13
  ","
    1.13
  ","
    1.75
  ",0.39,int
an average stem,6,"
    0.00%
  ","
    242.50
  ","
    0.17
  ","
    0.00
  ","
    1.67
  ","
    1.00
  ",0.39,int
Vano,6,"
    0.00%
  ","
    206.33
  ","
    0.00
  ","
    0.33
  ","
    1.33
  ","
    1.00
  ",0.38,int
Stealth,3,"
    0.00%
  ","
    271.00
  ","
    0.00
  ","
    0.00
  ","
    2.00
  ","
    1.67
  ",0.38,gb
PreM,7,"
    14.29%
  ","
    139.29
  ","
    0.14
  ","
    0.14
  ","
    0.71
  ","
    1.43
  ",0.37,us
Zerok,2,"
    0.00%
  ","
    229.50
  ","
    0.00
  ","
    0.00
  ","
    1.00
  ","
    2.50
  ",0.37,int
JrTins,6,"
    0.00%
  ","
    234.83
  ","
    0.17
  ","
    0.00
  ","
    1.50
  ","
    0.83
  ",0.36,int
R33SPAWNN,3,"
    0.00%
  ","
    255.67
  ","
    0.00
  ","
    0.00
  ","
    2.00
  ","
    1.33
  ",0.35,int
mock,2,"
    0.00%
  ","
    91.00
  ","
    0.00
  ","
    0.50
  ","
    0.00
  ","
    1.00
  ",0.34,int
Dicky,1,"
    0.00%
  ","
    252.00
  ","
    0.00
  ","
    0.00
  ","
    2.00
  ","
    1.00
  ",0.34,int
Janmebows,3,"
    0.00%
  ","
    240.33
  ","
    0.00
  ","
    0.33
  ","
    0.67
  ","
    1.00
  ",0.32,int
Cafresa,2,"
    0.00%
  ","
    242.50
  ","
    0.00
  ","
    0.00
  ","
    1.50
  ","
    1.00
  ",0.26,int
twistt,2,"
    0.00%
  ","
    153.50
  ","
    0.00
  ","
    0.00
  ","
    1.00
  ","
    1.50
  ",0.25,int
reclusey,3,"
    0.00%
  ","
    163.67
  ","
    0.00
  ","
    0.00
  ","
    1.00
  ","
    1.67
  ",0.24,int
Original,3,"
    0.00%
  ","
    169.00
  ","
    0.00
  ","
    0.00
  ","
    0.33
  ","
    2.33
  ",0.22,int
ZONII,3,"
    0.00%
  ","
    204.67
  ","
    0.00
  ","
    0.00
  ","
    1.00
  ","
    0.67
  ",0.21,int
DOS,2,"
    0.00%
  ","
    169.50
  ","
    0.00
  ","
    0.00
  ","
    0.50
  ","
    0.00
  ",0.11,int
Danielito,2,"
    0.00%
  ","
    100.00
  ","
    0.00
  ","
    0.00
  ","
    0.00
  ","
    0.50
  ",0.08,int
